voltage,current,irradiance,temperature,power,time,soc
11.582671415301123,3.7135709206947447,201.08678494144075,31.973169683940732,43.01307175182449,12,1
11.441317315618162,2.4043946814361625,201.7926409863616,26.674172222780435,27.509442502295784,13,1
11.474912186597647,1.0803416472964824,181.74150964109262,26.084844859190753,12.396825534251382,11,1
11.289089418494397,0.423995183425354,238.17206125190657,39.47511037682918,4.786519538699755,8,1
11.547246460238664,2.440461887590304,206.26739078862005,37.19880813472641,28.180614892824508,12,1
11.472974614989408,0.6688261472306425,255.37199105233194,33.684660530243136,7.673425409018329,17,1
11.531650277526206,0.3650649013530483,155.114453552205,38.186408041575646,4.209800771002956,9,1
11.589611282678103,2.240748197557975,172.77732748117046,24.158833257363774,25.969400592058527,9,1
11.554863831605386,4.624996328110961,252.08805194743053,21.76985004103839,53.44120279299706,12,1
11.589446423855513,4.253762473655127,209.27503340406741,34.94640220274762,49.29875228823319,10,1
11.612081630014865,3.1137643888960866,220.29617358154073,25.519983640450867,36.15728626049471,6,2
11.56164631975265,2.0954312872427345,202.23495448768037,25.86976349436076,24.22663543044452,16,2
11.629630510834518,3.992842594549787,170.6639665710035,32.11919949562023,46.435284062535864,15,2
11.482078247677737,4.342896444202849,200.53938120743928,32.46596253655116,49.86547679389853,7,2
11.541425231257296,3.410438012785315,177.5166113166946,33.31844713234993,39.36131533039943,17,2
11.649479541923043,2.4666316407773565,230.82806921644854,22.391884918766035,28.734974836695883,8,2
11.602139560550842,3.900642463781893,292.90182832329845,29.875911927287817,45.25579824060841,14,2
11.50451242405827,2.308815208955697,232.64462202444648,24.034384046707924,26.561793256285505,12,2
11.829352822061214,3.538477214845412,164.74545555945676,22.786629088117515,41.85789542723088,12,2
11.713789404474152,1.2982311943597877,190.08648908631764,21.53959819657586,15.207206809049506,16,2
11.669498131133272,3.196899431042208,242.04616887955677,25.91267371675428,37.306211935968065,10,3
11.624711687005629,1.095536282652972,239.72564479315858,37.85117996979956,12.735293428494705,16,3
11.52159570692535,1.9102296227694795,206.0110927354006,38.13656883091508,22.008893420942467,6,3
11.559789184686785,4.126470876427967,150.82425259339408,37.21461166512687,47.701133408257014,12,3
11.61170122393718,2.5271838625231196,161.52781386000368,33.84872065780541,29.344903949573997,15,3
11.644293632653351,1.751374073699625,215.69695458244672,30.37581243486732,20.393513974774706,14,3
11.53272616866218,1.4187939868848545,216.6763596629192,24.937521256772023,16.362562540487506,12,3
11.407122878470096,1.5672343730118445,222.67430622753915,20.737738947090655,17.87763507230815,6,3
11.592562194919903,0.35864351792263227,241.2451167522364,26.90142496053366,4.157597287322986,6,3
11.54152907923866,2.5493732493323025,202.92508898300582,39.71300908221201,29.42366549100192,12,3
11.746282281451501,1.3406602111635184,269.5966516343387,34.56432697223719,15.747773283837065,13,4
11.667615983038937,2.114357323733855,230.90595628306176,36.32863746438768,24.669509304252557,6,4
11.63480994633482,3.5399014725962332,172.14564683308487,37.167176096274396,41.18608086240793,17,4
11.476933656893387,3.2968293939653592,235.42814874030137,23.487328580099827,37.83749223263646,6,4
11.674801284098942,4.221008508355174,108.51505674662013,33.51380234078562,49.279435553537546,14,4
11.59632549742318,3.3679234209640594,259.8060899266983,36.34444400402432,39.055536239894224,14,4
11.460947042147497,4.982017758838037,237.94892459479928,39.30838702577587,57.0986416970811,10,4
11.657988279424842,1.8273429970337631,271.0911435888655,26.984191492253217,21.303143241908675,8,4
11.603451069901366,4.461296474052607,285.2646234422975,37.018568975350256,51.766435344992914,6,4
11.661307247329868,0.2242956024618497,196.2824290986816,23.216161028349973,2.6155799345325867,7,4
11.377054310652762,4.973395820531939,199.84111674936761,23.518505053546907,56.58259435856533,9,5
11.589882057533606,3.783158744566516,183.4785973439735,32.992657980944294,43.84636365445282,12,5
11.569010536788609,2.804193106663517,295.24641092250744,30.1762815367752,32.441739598180206,11,5
11.576048557037447,4.870450662811739,199.2094857517281,27.861954493335208,56.38057336736391,11,5
11.650910144553263,1.8803763569344432,283.6080929676727,32.902067240611295,21.908095972585613,6,5
11.7275667347765,1.5477073397161076,197.1421221791859,20.486319328629076,18.150841112424057,6,5
11.486674893783446,4.440771306878043,227.84327697964923,34.954375477948275,51.00969627974992,10,5
11.652586761111833,4.839943131409614,277.01704089738695,39.272399541785056,56.39785725759781,6,5
11.643254302309597,1.1163729495216608,216.23713257997622,25.369497137803137,12.99821414750013,8,5
11.686409374413019,4.693542915971749,177.7130610644006,33.920595933499456,54.850663932422066,13,5
11.583228002717501,1.419985515534746,317.48014140732954,25.905811768378776,16.44801598699532,15,6
11.785244715766046,3.5719236031381247,301.3099272048869,27.189823024395103,42.0959937690036,15,6
11.749503526720867,4.361947129184498,273.68929754561043,38.26481105112943,51.25071317772321,15,6
11.642405510222538,4.4557623149631675,241.61325857680572,20.552335437474095,51.875791727969116,7,6
11.714502279810935,0.372522914224362,205.2035541085316,29.311960362649202,4.363920527963102,11,6
11.656546819461012,0.3792713059962292,252.00993562704073,36.45201121319317,4.42099373562317,11,6
11.49884622134686,4.173771218180425,269.3012933417001,25.43085831639484,47.99355340094026,17,6
11.624963336828287,0.44807226160931696,258.8229294790987,30.62709263136296,5.208823613458042,8,6
11.834343549095172,4.884089981420166,289.43829888024374,30.326006966023904,57.799998764820096,8,6
11.631821353523161,2.3070628193870535,290.6216667398112,21.56912762684532,26.835342566465677,10,6
11.909129107702636,0.4793292584405293,222.12921661426216,38.304274552529606,5.708394023867627,7,7
11.699064492218522,1.0777567861150752,245.76917472612058,38.692279946794194,12.608746147686428,6,7
11.943215619701263,2.2140802996533915,307.62326302755736,24.95461979002315,26.443238418093237,8,7
11.707260803879333,0.6696039711248071,349.60028402361525,29.832317502336647,7.839228325271402,12,7
11.682875186617649,3.318913676685264,151.31029979824686,20.961178483940675,38.77445423987222,11,7
11.686995551330302,1.9981405502070617,262.53702886430455,32.51719831428473,23.35225972120261,15,7
12.049703333807297,3.4830260931110772,260.20817605039605,32.31702328779828,41.96943112589835,12,7
11.848243578239224,3.4504080434383124,282.5700005480165,31.467340833438666,40.88127494297295,6,7
11.944303337465627,4.719031082127321,158.3956100238749,27.722052756015486,56.36553870385739,6,7
11.616505147992859,1.515013411141442,285.5658058463991,24.291782394167484,17.59916108980278,7,7
11.77502995786334,1.8154602314658872,242.4987307075042,33.114452707614845,21.377098612820337,15,8
11.651504826216714,1.4513337355323348,328.0960190157101,29.920749085868124,16.91022202400613,15,8
11.859201109384669,4.411865664929854,336.6275123731185,34.70142087607772,52.321202187992256,10,8
11.769074395885527,2.232660523078969,288.7299945940857,31.370405674999166,26.276347796873083,8,8
11.761909840603584,1.9856868118053592,269.8663691654391,35.528259214839935,23.355469252130213,13,8
11.782049250549955,1.3452649269936328,317.55207620587544,33.59689559800492,15.84997762487647,12,8
11.72320846472287,4.53225395206192,277.0811527986233,30.105047448957144,53.13255789508598,14,8
11.832195297129497,2.068168057923983,248.4866621703272,20.216753029605968,24.470968368641596,14,8
11.722870940934017,4.79264424860699,313.2011772281545,33.53539808848606,56.18354999222943,9,8
11.955231763983996,2.352538505495935,317.2613541273459,25.86421543396129,28.12514306690044,14,8
11.65293472611932,4.741733805832113,285.4658827126269,35.62592100942405,55.255114527994955,12,9
11.79577532271531,0.47628204807989255,227.1372814257084,30.990577646474712,5.618116029393103,10,9
11.829451831637456,3.587991122617734,355.76466248341103,39.3730388794827,42.44396815734929,14,9
11.858384134147544,0.6853888453893932,339.8940394049994,21.682136122299948,8.127604209887284,13,9
11.749896169438168,0.6072210276089212,283.6024968678818,39.73279157002351,7.134784026304371,6,9
11.765263121472936,4.556929790473022,294.92206482809894,31.837774776425686,53.613478010993646,9,9
11.725155577874757,3.9303051964516964,261.32764241440765,31.1680849947161,46.08343989692575,16,9
11.717828002134443,2.2853688535437024,213.40115727747775,25.073643477462774,26.779559147260287,7,9
11.728765739887985,0.7703259980867452,269.59022572320936,22.350524935542097,9.034973174904835,14,9
11.881017115927843,1.3400310622038556,328.66710125345367,28.004457857440496,15.920931985918976,17,9
11.899014399171111,1.2732600248933725,259.93897640570816,39.264450788812226,15.150539370095208,17,10
11.83456078399256,1.7488946637324014,299.45897880722697,20.868015665963455,20.69740020274133,10,10
11.877362738772757,2.7108696520167146,282.71752889692857,32.58797276270525,32.197982194533196,6,10
11.95004115484134,4.525558450356747,370.80438951219077,20.908927606829156,54.080609730403125,17,10
11.742443821196805,1.8111683110254233,268.25758332053465,23.39359807791131,21.267542142947935,9,10
11.61761042756902,3.001549336884186,253.71224891596194,21.554692739299696,34.8708308750486,14,10
11.79766272009968,0.35511656532632224,196.99412897218332,25.595270143378915,4.189545464040195,10,10
11.88713475103268,0.9805613088554783,328.52619100066056,38.21854368987685,11.656064410014045,11,10
11.697976679297936,4.6770967200992635,371.5729382927177,37.32127779000817,54.71256835854205,10,10
11.82263888842081,4.090655987752798,265.88894055063946,39.74552258629889,48.36234855995767,6,10
12.000237779654725,2.0863493550985237,254.1106953503308,36.58328441413029,25.036688352611577,6,11
11.851546015474737,2.191133611220793,349.8908155986731,25.468141438614126,25.96832081943656,12,11
11.888938930899968,4.998644831773427,303.11741451658213,39.93273674147811,59.428583142213014,10,11
12.022614294390163,3.833989769803788,318.0526972105768,27.557010985515728,46.094580210988674,10,11
11.75623795706174,4.779444930841867,280.8810257489353,32.1234926890176,56.188291909649486,6,11
11.969044681411047,1.9191810465576342,365.06854984590916,22.27115184399258,22.970763697965538,15,11
11.515183078636344,4.190583152300006,274.58684690252437,26.155544795420987,48.255332204983574,6,11
12.069074792488198,4.407937292760056,375.7670421221602,28.06965732424794,53.19972486691906,12,11
11.927537594958514,3.579582886876273,356.43157787661744,24.259283230178212,42.695609457486874,11,11
11.88331135479465,3.118821677801049,290.47863646497024,32.73288643244565,37.06192905739291,16,11
11.921119497221968,2.8277422731157356,273.3101667513922,29.01820894832209,33.70985354515876,17,12
11.918007432880362,3.5486809831686243,201.80582553830533,35.92943551347754,42.29320633432486,15,12
11.894528174136507,1.439573063835,335.8202714848163,29.182715124765224,17.12304236651342,7,12
11.743683912952825,1.203827797176868,356.2957603621293,31.59299868943477,14.137373135671423,16,12
11.932659824609686,1.0730244051158953,249.00601068363224,26.913345666477262,12.804035209752152,8,12
11.900370266808428,4.870929676496501,349.6841006049376,32.038707910819205,57.96586669389376,8,12
11.814450092671152,0.625772162033867,268.0487253383072,22.412717422012015,7.393153977732046,14,12
11.97460339557121,0.8179923118382908,281.6429951288307,26.60199026620311,9.79513351488994,16,12
11.826027449200742,4.393177395712531,306.6989955367111,38.417448010636264,51.95383647090462,6,12
11.981135426460051,3.79164651384156,264.9818138732224,23.690420387127546,45.42823037160087,13,12
12.16641417434006,1.9707854699349074,288.4637867691403,29.25069432266296,23.977392275999495,15,13
11.986655696305577,2.6560517221551976,319.5625077271768,30.642269705306312,31.837177505053837,7,13
12.081378741019382,1.3638584174467023,181.16264715682604,25.38486461898762,16.477290090300926,10,13
11.954992146913574,4.235407932214069,239.44819645509426,21.784086574241122,50.63426856859465,17,13
11.858744888287983,2.4750557188666695,244.3369942180787,27.102086065586093,29.351054354338057,14,13
11.84160258805149,2.7781114007290295,303.8352039836323,31.736822360417584,32.897291152768226,13,13
12.076943392782884,2.018108604566189,403.30682031134415,26.748936677438362,24.37258337783392,9,13
12.021617754753164,1.9092642843096619,399.47083202350655,39.730304975859596,22.952445418773124,10,13
11.867290959171314,2.541487043881942,241.05789792239023,37.016350356722924,30.1605662187112,13,13
11.678724047833779,4.91541736116131,338.2321100777584,22.240778043361047,57.40580294093425,7,13
12.041748420447831,0.22544003070850602,319.2602030142729,39.50134325890285,2.714692133689863,13,14
12.04358516204891,3.6485949000154574,340.33779634594134,30.70073464089821,43.94216340015349,15,14
12.055301214038835,1.0978099930761123,273.91325421360904,26.473584728084873,13.234430142314421,8,14
12.026058200694916,2.7432321112693603,271.26079360048516,34.14460191288889,32.99026902814052,11,14
11.848085827141011,2.509472488903124,325.3871332851631,30.651788651031715,29.73244542937338,6,14
11.887203001017351,2.8332949661031352,205.05998425953425,30.978439597779545,33.679952423828546,7,14
12.062629280921444,1.4222751428660665,283.15540652384254,33.63005444447859,17.156377783862943,6,14
11.954832596344255,3.1092890290680253,260.80907402554726,35.88578899932925,37.17102983615801,6,14
12.007151594201897,2.160887806092401,344.1901300852159,38.658761341999096,25.946107465813814,16,14
11.97065897874729,2.9574709432635773,304.21613823039604,36.83657553516544,35.40287610136236,13,14
12.048191689221884,4.037778228413675,354.81755633262435,36.50265353385595,48.6479260944947,10,15
12.049348315296378,2.7107140388917728,371.74604635402994,27.17660968247005,32.66233763777082,15,15
12.115121392216393,2.3078475611370486,299.5962313489224,27.538888588498153,27.95985335790589,8,15
12.065792436696967,2.3059744418640276,430.42252629330903,31.549725418122513,27.823408979859494,6,15
11.971082133396981,2.8090537333471453,361.15524878725034,38.12944221929094,33.6274129590241,8,15
11.7660938743067,1.7975157723799244,391.6240958726253,34.61098273618603,21.149739318369104,15,15
12.02884964074944,3.176349228456865,299.2356043049599,30.66922183952643,38.20782727561812,12,15
12.07781534903901,3.937145307443605,370.49474805248303,22.862559710969393,47.552114025639284,9,15
12.145977131245962,4.408475056456397,340.1017240023461,26.841634974318147,53.54523721938765,11,15
11.770519709229267,2.393601052552056,353.79043650220405,32.07915744145025,28.173928365095893,13,15
11.985259205755053,3.6668123282867184,300.3677113326497,34.40073073092149,43.94769621337451,8,16
12.069343490322371,1.4086354827533731,421.8397906279033,26.913919870078388,17.001305494006534,16,16
12.016802747940538,1.2912847185439376,344.3211682535357,28.47193724840966,15.517113754172414,15,16
12.046053084180544,3.1349803300863095,460.1785791699275,20.36220367641681,37.76413947408153,17,16
11.940447497318814,4.6100025068515835,338.2305104762456,35.801692742481734,55.04549289556945,10,16
11.948952554455468,2.966184128800703,351.5734178567998,32.13430092765712,35.44279342281843,11,16
11.995072629294418,0.994498449762991,304.48592766352783,23.726417589882413,11.929081134627783,12,16
12.28186911017375,2.115212978576625,354.1976333553897,21.095232776440625,25.97876894301886,14,16
12.089621581696807,3.097863352304667,296.4793687985183,22.285346001113755,37.45199564117012,9,16
12.110317058396191,1.8624607729566138,331.66589835942017,26.939064037924553,22.554990469330235,7,16
12.07713532258789,0.35766401716850404,374.77362862444573,38.25498925758258,4.319556735364422,11,17
12.060334654536875,2.2108421576218302,270.0427477399028,38.296918021362,26.663496289277635,6,17
11.989169658382925,1.2564666275892657,381.2943805745251,24.253615686824524,15.063991568263944,6,17
12.034111130944517,0.6096784067774905,280.6737045629165,39.93748503691894,7.336937701297518,6,17
11.954974172605388,2.10712695419647,280.1027421816525,28.535778106734988,25.190648315819452,13,17
12.049515598051698,1.1153010591855994,343.75183117977593,20.730993356961896,13.43883750918046,13,17
11.895926428055144,3.6274841589911757,371.04711307230383,30.552954602895717,43.15228467429451,11,17
11.853162334508106,2.886273590279446,273.9679961156215,23.10480491861425,34.211469407385806,6,17
12.00422809652243,3.815581859587764,324.9238951657641,25.446037094405987,45.80311496344474,8,17
11.949942415453418,0.32185450716965536,423.6135221711811,23.12305194732381,3.8461428268315205,7,17
12.068318297207426,2.848268457244831,395.2143290889695,25.077771280866088,34.373810337926564,12,18
12.103874577763733,1.0570143778608014,337.48274270063956,33.054922157037495,12.793969456520102,13,18
12.069967460184186,3.666881272907164,325.25895962252014,37.11392936212572,44.259137644348236,16,18
12.0664190434398,1.755152293312638,291.12343742833286,21.738500299006986,21.178403056164655,15,18
11.92702208279316,4.484824213169479,432.23434671313595,36.34887123476882,53.490597427917834,9,18
12.194510216229965,1.9426842185364344,318.6281357046009,20.684562216410583,23.690082549851276,9,18
11.965957064750372,2.849826468089505,431.7397090992182,28.722530582706334,34.100901159148215,17,18
12.058496767235328,2.9157277758394904,356.8736617291329,39.707346244834696,35.15929395909875,12,18
12.060428492711342,0.3078526799365635,411.3022103732359,25.37354718769892,3.712835232664476,13,18
12.014569742483648,1.246510915971615,425.0384011733637,32.90108335538659,14.976292334708143,9,18
12.237302526677778,4.1484026043760345,409.5712687232366,30.59323357310162,50.765257672207525,15,19
11.964040701402368,2.8600544120758085,379.59318276547504,33.02840776703729,34.217807394300394,15,19
12.070863314090435,0.8720889855701552,367.71018664752256,25.27367605269233,10.52686694254113,11,19
12.036342132698097,3.2388707041157483,394.22211755146844,29.885477002765427,38.98415591830993,15,19
12.11118985099298,2.0390649355975876,392.32966239568435,30.37835410565675,24.69550255352516,7,19
12.178765902046912,0.597433606040607,315.71280934232675,32.06304218932776,7.276004029984273,15,19
12.209441538825747,3.6633577333851473,345.7693109328265,32.20809334015915,44.727552081571154,11,19
12.335131465676515,4.696782748758839,336.77231807563714,34.651441944205004,57.935432671661786,6,19
12.15677602509184,0.9776666138796062,266.022949664389,36.83059320620087,11.885274052144318,6,19
12.38300845382688,1.8043706759214118,347.1970050137675,35.41824407491644,22.343537333772165,10,19
12.033197848835693,2.181409042912411,293.5427086419242,34.09851099377906,26.24932660260435,13,20
12.004204768232333,4.131691124836158,339.9809319908341,35.98831757937958,49.59766630162142,17,20
12.129221438332019,4.075665208720453,327.05507890118986,39.24197571528235,49.43464582507606,6,20
12.152556657089995,1.0886380584253743,391.0336048775339,30.838018947567164,13.22973568407881,13,20
12.229162068095087,3.8433720585864792,424.30742275532214,34.482066585462775,47.0012197924423,11,20
12.295484517237325,0.447659871961808,411.4321315151533,33.398349291000784,5.5041950246948534,15,20
12.034900366901816,1.70170331122682,490.2988733479759,22.41045157572929,20.479829804641692,12,20
12.204663973151709,4.861079576793765,349.3363812017104,38.88532978226868,59.32784278151842,7,20
12.295663338218345,3.2938239230039463,224.3754754076013,33.003347008864566,40.49975005262615,13,20
12.116550377256768,0.5693753678202039,344.541393826568,33.9257755175628,6.898865327762603,13,20
11.98499824391531,2.947653245280635,303.7929557955018,36.07953958801795,35.32761896835968,9,21
12.127941515844315,3.2042786068976437,420.1772954643277,37.71955496472374,38.86130354492572,15,21
12.171189610162605,2.4173256827628204,417.7928764359247,39.80682626683554,29.421729234422067,16,21
12.201228398927542,4.707524952861902,421.27401875326757,35.97566471547331,57.43758714351868,12,21
12.452770464323438,1.5040974611312194,335.4814527964987,27.96574767951271,18.73018043943872,14,21
12.221697395845393,3.714904674486297,263.7391178217281,20.066927240859584,45.40244078598305,13,21
12.09238841069165,1.3213172050395676,315.45440210859067,20.84186379272724,15.97788085706795,6,21
12.168493038168366,0.7973002750249105,323.84213774517616,39.1283139511885,9.701942845970347,10,21
12.291432239847659,4.734713706998769,357.3005577887246,29.348030224997395,58.19641270465329,7,21
12.309710291438364,2.6609048528792414,449.0554278893858,24.61339623435517,32.754967852025885,7,21
12.18441326585882,4.794897262319963,370.7975121600182,36.52411391587932,58.423009811441496,10,22
12.368050424798984,3.5408989666582027,347.46268531252616,23.0779181267971,43.794016968747265,8,22
12.15547892636702,2.7774772298883854,340.8189968536777,31.858798696834064,33.76156593637252,10,22
12.16472113095156,4.46599078337109,356.6149220032008,39.11302996459507,54.327532453109214,17,22
12.219097748500376,4.671629543931152,366.6210667864874,34.70425309046905,57.083098042076976,7,22
12.051145301504246,1.4468181620495657,313.1329849785578,34.4684022737717,17.435815895714633,15,22
12.28110677454759,0.7254505282613786,377.94388039614734,37.88959861936135,8.909335397229944,6,22
12.316749476841725,2.942330921213956,377.794727488385,33.24224020213129,36.23995283455722,13,22
12.062060373233594,4.417423934504758,399.127427632377,35.948520432138565,53.28323419216348,13,22
12.162214690327055,0.9699205055843461,352.29272094382713,26.680177574904757,11.796381421467379,14,22
12.166173054858355,4.431858237297681,413.71844044615847,39.22630576369815,53.918754269563095,14,23
12.221967663140271,3.7688396301997176,342.32205063603664,23.215197920966165,46.06263608786249,9,23
12.415730786663895,1.4417039873499582,401.15545414758793,23.86265729174586,17.89980858099697,16,23
12.261464209842858,1.4470571891079669,388.49780740633946,32.68011406199223,17.743039933843143,13,23
12.23688026682742,1.5600461516747917,393.4860441779029,20.36855437476435,19.090097968769314,14,23
12.249470446761306,3.236585087042951,397.95107628851696,38.64056211020035,39.646453372161,11,23
12.276554582989052,0.5256178837048251,404.4256174188713,26.019271338936324,6.452776639097477,6,23
12.33419026180327,2.473154664488425,432.8449539018533,21.158409211175965,30.504360178666463,13,23
12.203107815272842,3.8396633404593086,402.86059375322606,20.49173832917603,46.85582571797562,16,23
12.214083619122444,4.130171088114049,440.3376595963101,25.050174993767644,50.44625503150693,12,23
12.121900644806125,4.986197600757014,371.6753561651869,28.523626044719457,60.442191911747194,14,24
12.336001445005333,3.5296746837511455,366.89728878236946,24.41539225577521,43.542071999152874,7,24
12.219656318589317,0.8304086067650147,428.5572764628804,37.36108645064586,10.147307778667063,17,24
12.10732275655286,1.7395651541030117,363.6665293744947,34.48845345228234,21.061476776777777,7,24
12.166846057580955,4.348919599230258,464.18823020366295,29.464198133831143,52.91263528063121,13,24
12.250107988075145,0.6375895539497201,367.911336850758,23.073160763222255,7.810540887952734,16,24
12.337992902582215,3.205857543830794,422.3757163574752,22.624897553647752,39.55384762247399,10,24
12.275837425453753,0.20591280879884427,324.9362664490857,31.966545302448537,2.5277521646331556,17,24
12.328550673482669,1.28259268372993,313.01384646441016,23.216509381563803,15.812508894802571,11,24
12.132859535250372,4.028283683058503,420.23505312680777,26.207239178471475,48.874600094689846,6,24
12.279769368075092,3.080098630972658,278.8060336685522,25.833251574186065,37.82290081926807,14,25
12.362213139109315,0.3901703616721143,423.9436081965918,29.610138945156578,4.823369171554044,13,25
12.292664378771379,2.5153106314476394,402.38017759071755,24.20699159837737,30.91986940074134,6,25
12.302903582617033,1.767014279571161,401.34429194972654,30.35423286769423,21.73940631067149,6,25
12.27788918276973,1.7460545706528094,453.75621376086445,39.549327726295715,21.437864525543773,15,25
12.4238882737309,1.1607211723750883,431.1654903327302,23.349651645181396,14.420670162542043,6,25
12.346056797762857,3.1597019929398753,444.01481246266246,32.25888349731212,39.00986026884019,14,25
12.394822331361357,3.6276172742356536,419.6742692710875,36.03456166139584,44.9636716003283,16,25
12.536575572191666,2.8544069724414007,389.7372685192957,31.9495172526386,35.78448872380243,11,25
12.532526087262525,2.7267327724933437,365.54060909552163,34.63179043510664,34.1728496042665,16,25
12.42302815749597,3.321412092192579,486.36765009797045,29.585578571525744,41.26199594395601,8,26
12.254842375312984,3.9905528342839,381.535088122689,33.17415551001752,48.90359597450767,8,26
12.226877898982488,2.803897451452964,467.9222476415843,29.86553693567599,34.28291178018357,17,26
12.419351797273043,0.5465523631000441,356.8603717400797,20.61305004411612,6.787826072970361,6,26
12.324337727267885,4.81174664713749,425.58773382968565,28.318147322938817,59.30159073737131,13,26
12.17156684716909,1.9809860623260929,362.9199626982214,39.752991274721154,24.111704280912313,13,26
12.453229346103722,3.02268021483238,555.3106413331612,20.587888915130147,37.6421299552377,7,26
12.46586808334313,4.523368947254041,406.07457652496464,28.434418537469107,56.387720588759564,15,26
12.230277953407692,2.435901473697193,330.5610088743894,36.719961275624186,29.791752090432084,6,26
12.398162550549149,4.563356099195077,373.7194859459096,23.593662177404838,56.57723069386045,17,26
12.414064091026436,2.1825496383089455,299.76603637567655,21.382655723732388,27.094311091813818,14,27
12.445360015459443,2.3374652240127944,397.4692833956947,30.296347078593804,29.09059623645578,14,27
12.322426241321166,3.330191578546102,429.77624387342655,26.242961133928944,41.03604009610324,17,27
12.47172931248111,1.7609123082785354,353.71169704501506,35.46946251373201,21.96162165186618,13,27
12.250371537141671,1.3264353836554452,388.3686002546899,37.67419339321505,16.24932626979026,11,27
12.398682189106026,1.817615246870174,351.8503887905715,36.577667317652185,22.53603378801678,6,27
12.60997502878092,4.753200103286882,353.00400168134223,25.050555641508385,59.93773460924647,11,27
12.475707900998504,2.4782282035991066,477.125045744344,36.883408979383944,30.917651180118703,17,27
12.500478371163991,2.8790731980505417,407.93957657150656,30.79811679004425,35.98979224122874,9,27
12.383839874058594,2.749613734404954,414.13888817450794,38.73211384589923,34.050776202383226,6,27
12.410908402723024,4.682600084133943,372.25225677339336,26.32312209953501,58.1153207307695,6,28
12.595575600800624,2.107419144629125,462.5940997517716,29.597941631841465,26.544157158750725,16,28
12.515632767470247,2.3827513070425237,441.32442379489964,30.311920571585006,29.82164033515397,7,28
12.466787067719038,0.8035592566719143,319.6055482699696,22.65429307638555,10.017802149223344,9,28
12.330153208979414,3.432475679959603,456.2134079754651,39.398240922145405,42.322951019997696,6,28
12.351920958106355,1.3258942080071776,448.1946158620945,39.26693665640798,16.377340456115682,7,28
12.413715583686393,1.3719069940273965,422.66028266821684,36.61754382683411,17.030463231126248,13,28
12.383796518965477,4.018449784142735,437.95152127312696,38.37355593987009,49.76366444850438,6,28
12.487873022202917,2.090549147139961,366.8497543634758,33.024659540829845,26.106512296158435,15,28
12.324997376369373,3.103778828914596,401.99963045022986,26.36223107236239,38.2540659232032,6,28
12.557514257327803,3.9554503234797127,419.3809978267775,31.340325219733355,49.67062383124836,14,29
12.487239884423824,3.8729161498677662,392.7323428743973,38.51349661761424,48.36203301565793,8,29
12.516740006984987,4.029505514521445,467.0586371155449,28.71166629625866,50.4362728819772,16,29
12.310092043936379,3.315558362213087,387.04191864989804,26.56762455770162,40.81482861588605,6,29
12.329197741656364,3.5382425921113385,349.8129642205971,27.771162025406916,43.62369257609147,14,29
12.563356571938602,2.3332133732057674,544.3064482968006,20.293341140925275,29.312991565999713,16,29
12.621201516013638,3.17355366084615,482.4908544671317,29.26988087601145,40.05406027542206,8,29
12.51923968705233,4.2664033345883565,434.9200736051334,38.2847303190294,53.41212594735096,15,29
12.293932663258474,2.488138280197564,440.548548578411,27.887306476367005,30.5890044736246,12,29
12.51647543416653,4.786513740583686,474.6707779390154,20.364651653527233,59.91028164931625,12,29
12.581662846615753,0.5421452962647868,432.0126679817392,39.09320060066615,6.821089331482159,9,30
12.471110331221553,0.6868199765562393,467.653663822024,29.717435183726515,8.56540770531986,10,30
12.391140889284909,4.0545243095967844,384.8205341392115,30.78322553350509,50.24018195924438,15,30
12.641451756258958,1.508595203520962,478.65415945887634,28.270982030507028,19.070833485033905,14,30
12.384136065060293,4.3251958077468275,443.15827296535866,35.99562190848043,53.56381339116507,12,30
12.584893998983759,1.0890965434275663,406.89437415877956,38.355049783427546,13.706164553695535,9,30
12.629741470306037,2.8410874023500567,436.2427916594992,20.868250657096382,35.88219938622456,15,30
12.514749779683722,3.0489851317911065,552.5227383908135,35.87487700761032,38.15728600634169,15,30
12.443705093457464,4.5482773029812495,385.9290185627298,35.39889400503358,56.59742144156475,6,30
12.56471652242596,1.5190689706310532,404.95841605669574,36.45228637027357,19.086670993992588,17,30
12.62588382954128,3.879949448961949,476.4896905951885,22.994079359139153,48.98779100708627,12,31
12.404240158097048,3.7369939757320743,463.49103551135136,37.25594155086457,46.35457074434254,12,31
12.391815987183582,1.6989045730342207,455.21250114086956,24.6049233685574,21.052512848824755,12,31
12.369305203997367,2.0763487803464704,461.3875612182231,31.88952670372346,25.682991774053182,14,31
12.442632543203027,2.255358151642951,529.9558402722034,34.35195531316353,28.062592734210806,6,31
12.56199605860299,1.8186902372260176,508.2034009442442,38.11049584659348,22.84637959185297,9,31
12.464831908605134,1.2879507306895424,397.26216346535665,27.09992611663875,16.054089364610306,9,31
12.646854995491193,3.414092557443017,437.2533747007304,21.398632114188683,43.177533515167525,10,31
12.586129128326016,3.464633269296567,370.1692014601598,24.61658378308024,43.60632170966092,15,31
12.645766899247329,4.971868933861604,387.5179490654397,33.236783796987574,62.873095591223176,6,31
12.55477217228877,1.801133837466562,461.6700031636302,31.609500134333494,22.612824981192876,15,32
12.456930761136231,2.7719728854707903,487.4706792443394,21.93352899293439,34.53027430605665,14,32
12.322442727583338,0.7751792096847026,431.03513802140014,39.483292572560316,9.552101414953063,11,32
12.677309769997919,2.7005982909058024,463.08584568199524,32.471713760055195,34.23632109813981,7,32
12.598517884227471,3.1207347807669983,472.78289948244486,30.136768636409652,39.31663294742373,9,32
12.448940566176441,1.9286547558632916,411.51269491067154,21.752854935276773,24.009708428415653,16,32
12.562002900575202,4.161373319517905,375.4577772219127,25.594070769429585,52.27518371016018,15,32
12.594857860453097,4.613081471429203,580.6499758716395,29.939269658116604,58.10110543134064,11,32
12.356606916373197,2.605534396073647,516.9168657792691,27.94357554858422,32.195564339371884,11,32
12.512141279374271,4.4142767381363335,514.3151373618394,37.361133802149006,55.23205419381723,11,32
12.552861423281817,4.1299280195564965,441.4949433154888,26.450559556928305,51.842414117621416,8,33
12.64265098435704,1.8612786873813705,419.0766009104481,39.5122040171983,23.531496829184864,15,33
12.566485347264999,4.337669514908589,473.8789461025704,38.455143810267884,54.50926040037685,6,33
12.728020754901731,1.0392254108499803,491.8905153175931,30.051321529268847,13.227282598319828,14,33
12.640027901053207,0.784457173401319,513.8906359132013,29.564680460961448,9.915560558974006,9,33
12.63977576703115,2.2759898159846337,466.6994209222897,26.23632266170519,28.76800092209226,9,33
12.495066460618125,3.27596631051299,456.7956222139192,24.320763650191992,40.93341677260576,7,33
12.492348297406501,0.4944782101312072,484.8595232191282,35.6152317213688,6.1771940264372,15,33
12.581092125239365,3.820417012850543,389.98579508962683,32.38995502815175,48.06501839550447,14,33
12.465922445423391,0.5582231088179922,450.98297546391194,35.65392081488298,6.9587659817682335,8,33
12.676852985853477,3.166648036578493,425.87836569942607,32.66379252026928,40.14313161764712,13,34
12.665693816974635,1.6700173797757358,531.532313739317,32.47791672583277,21.15192880126572,17,34
12.669060260077504,4.002049442050607,508.50566782548674,28.095968581703996,50.70220554514869,8,34
12.504988697394063,4.172181898720996,381.900978120999,34.67228761122804,52.17308748697816,11,34
12.598732809148,3.9936211321287107,419.67610286877857,31.642964595599445,50.31456558465677,12,34
12.632884563020912,1.23296898568274,416.0684285900596,20.242415492877864,15.575954865915037,7,34
12.50255602419943,0.5101600632516134,497.64218065396886,20.852664185740654,6.378304772112422,6,34
12.633958036841415,2.381011205887812,423.3465529559222,36.887141654792316,30.08159566043579,12,34
12.58304033931412,3.328211109972648,499.6916665890773,36.21371855972532,41.879014654539255,9,34
12.59129051152889,4.7898665151149515,523.3077140698433,22.66290008356194,60.31060080325684,6,34
12.701504546101518,4.082640615854374,488.3326414281757,21.52833718876103,51.85567834237303,6,35
12.64616573409909,3.258567088679746,526.0674801493249,33.187078444115656,41.208379459124835,16,35
12.504057808659324,4.469076397418452,466.2136373766337,29.012393134595158,55.881589624635275,8,35
12.594566092843667,0.38250487153978363,476.2091302090893,34.92414514963677,4.817482885442482,6,35
12.574750726678834,1.623370790180745,544.9405662423526,26.994064594916992,20.413483023494518,8,35
12.550308901731805,1.035724809603605,506.8326376263643,21.967912994267948,12.998666297712601,11,35
12.576828747938803,0.3005358129483815,523.9796293993182,21.643433349528546,3.779787452074363,17,35
12.67240185566206,1.2936436042069277,492.2866991460677,39.519816991975844,16.393571610517224,7,35
12.6338663914449,4.807167286764459,474.129957042252,29.565105891518474,60.73310922230687,7,35
12.57689795707351,2.4768133275498267,461.47468491552405,22.279132694286343,31.15062847931386,10,35
12.692098678977596,3.159198689096401,529.4736964615734,23.132768739476166,40.09686150850818,15,36
12.7436820840775,1.2781549368504892,477.48149207194774,27.443340476750265,16.28840016941679,16,36
12.471435477159588,0.9856822470334472,536.7131111064404,25.47582615028213,12.292872544859314,9,36
12.665874637641423,4.457239521004493,474.15933500555394,32.916216253104125,56.454837002983815,8,36
12.566754272115078,4.420489567989623,544.7742508181385,25.168632405836362,55.551206163373735,7,36
12.563868100157226,4.89630693824286,518.2769889040202,34.96383811957995,61.51655454996797,12,36
12.80047986445932,1.4927902318497202,448.03029619192824,30.791124409910104,19.1084313046539,7,36
12.720249071567283,0.6409802610082146,453.8834685071253,39.30259484253993,8.153428569982696,8,36
12.64558009779719,2.184398956617255,440.99255427816433,35.163700221530746,27.62299197144811,6,36
12.498082361208454,2.9121055657232775,491.92146995093213,33.777706041001814,36.39573520494306,12,36
12.821195226779176,2.2822424588229047,506.25133435309397,23.216963479154924,29.261076119412994,15,37
12.700097674271397,4.040340649755965,453.473977289535,24.080712692577976,51.312720889229915,15,37
12.796921099991984,3.1518955536374356,525.1943147187657,33.7576821975983,40.33455871531381,14,37
12.707598283332707,3.8527556481348504,496.73440973645984,20.70622709880478,48.959271060338814,6,37
12.798383274364229,3.8300703578789723,552.1087514400842,36.83940742993417,49.018708407916456,11,37
12.6392814533391,3.665940503373138,391.2939686168111,37.723915609301486,46.33485381332871,8,37
12.760391197323615,0.2090234409195711,452.24872961718773,23.567451686146597,2.6672208755443876,15,37
12.56843436854299,4.012147190130004,559.1292051713591,21.85981279646264,50.426408636083124,12,37
12.723904677238174,3.672342874938974,549.7657069679677,22.08274715840575,46.7265406828583,15,37
12.90713155972364,3.096740799662983,590.3307323044705,33.529358744527244,39.97004090761391,7,37
12.723364653922868,1.7461184203000903,507.27969228415895,32.72981302098308,22.216501390409803,8,38
12.736981537747507,3.967505490135044,481.33859753363623,34.15361869481831,50.53404417876193,9,38
12.476643713708654,0.907772128190163,544.0468319814731,26.56385507218623,11.325949416663724,12,38
12.6901656139857,0.5002026891073685,438.4313637456174,36.027338316390384,6.347654965333508,16,38
12.663287365374474,1.0327043564765948,556.8327641886397,32.75106528940459,13.07743202953724,9,38
12.719038781322219,2.1675434705421837,517.0831486348239,36.79604571271234,27.569069462027787,16,38
12.78437803094905,4.90230423216264,435.1654229680959,23.30588221940349,62.67291052668861,16,38
12.76808862469112,1.6338827532261107,415.5780317218574,38.813584902306815,20.86155979554531,15,38
12.712857902734063,2.0091879907345853,530.4374422899831,29.234656272247644,25.54252142608855,9,38
12.734788894727856,2.5182505860097053,573.5249890620373,22.669599448318877,32.06938959685831,9,38
12.79699055439024,0.23374017830537197,519.2980804856575,21.145605021552466,2.9911708539553357,17,39
12.759577164294546,4.62859067882139,462.0343621174931,29.441208683939966,59.058859928356,10,39
12.689362472871661,1.3854982355455991,467.37720803215484,38.12509161042073,17.581089316362227,13,39
12.780347148244795,2.2586570185329853,524.2638918889215,36.89578872572043,28.866420785671128,11,39
12.784863270565156,0.36134528087975665,474.63941604260884,21.25306406910709,4.619750009511651,15,39
12.592211336273651,1.7129097012673231,551.1859390907283,35.43715452363243,21.5693209583115,11,39
12.81170773778063,2.8888072806168412,516.3665528957705,38.73644924066184,37.0105545900358,15,39
12.835735980319038,3.1972421430642948,539.7689673816609,29.889622625901858,41.038956013522714,10,39
12.866426467962182,1.1508686372467525,449.28552884153754,31.306605091432196,14.807566695419183,8,39
12.817706451657024,4.843309653383721,505.4298546988881,23.660308884694544,62.08012139154926,6,39
12.777324288311766,1.4046399744334304,492.9082506165679,37.01232115682276,17.947540461661887,12,40
12.857443632595457,1.2915655801346189,521.7573940712255,28.079557526530966,16.606231644381314,16,40
12.837644155527723,2.8089834432447014,501.6486080458339,21.634506914935564,36.06072988314448,11,40
12.796335781446896,0.8766062121044924,577.514526545808,33.283758290108345,11.217347438191343,14,40
12.775161978094612,2.176474599605641,620.500464465,33.01946934301908,27.80481555117068,11,40
12.91444909723912,0.7372924497033455,485.53854648915717,27.119467475897054,9.521725811472589,8,40
12.755403582087547,0.9905904964750203,480.04039966748735,26.60430129742995,12.635381567119357,9,40
12.675387196743984,4.413584375129796,524.7496875678153,37.591637099030585,55.94389088026951,17,40
12.97825939654816,2.8783075461566714,538.9933925354541,31.050272295654505,37.35542195706329,13,40
12.908310977714716,2.7857686301730284,516.1081401493599,29.956250160685805,35.95956779023579,11,40
12.772663620393972,2.1074306743295192,421.50115622085264,21.868159439505913,26.91750310651099,10,41
12.669923155160513,4.005701211362429,538.0325901977843,31.55186731762315,50.75192653049535,10,41
12.957965417786035,1.1400359004172105,458.9728327376295,37.93915860847069,14.772545772640777,7,41
12.901473281729448,4.007654482103621,485.6821672504563,26.335233541350533,51.70464722326313,8,41
12.931889929803345,1.0105001920528935,514.4043999463282,30.141022077308822,13.06767725767316,17,41
12.798349260549124,4.491150608037778,502.21414650334987,33.085851046499236,57.47931406339504,16,41
12.953349845355286,4.845228210096266,496.60417387009585,37.13747872150188,62.76193608596154,14,41
12.855421945667276,4.842207753244018,598.6110277707714,28.35521958550199,62.24862381653339,12,41
12.889752230250936,1.7504537522538264,497.1889723296696,39.94156314163324,22.56291515706488,15,41
12.734098871761997,0.2605160958836434,515.2374028948873,31.19511367276765,3.3174377226677434,6,41
12.833600342654464,4.8725954718856315,473.1394362571231,26.736810037222064,62.532942917608025,14,42
12.902846097626961,3.609165433391895,601.879876780398,26.287002263674967,46.56850612793073,16,42
12.913670904390498,1.7074918159651133,572.6070281742558,25.086439623566335,22.049987383313578,11,42
12.836163760780755,1.0340556470515703,585.6344269456396,34.24028040661561,13.27330762331406,13,42
12.910363250000737,2.21656989366908,513.0454468222707,38.10719748555741,28.61672249628333,8,42
13.047537568946943,3.325508407432036,519.883976539433,32.41857134956862,43.389695881818405,11,42
12.965570314169973,4.249939166752276,566.9331968740324,25.079497491440495,55.102885097471585,6,42
12.92324346469822,1.760499274072155,496.4966837432361,33.72654393372195,22.75136073825894,17,42
12.793686738954214,3.3453555665199595,561.190920922009,39.83485234335677,42.79943114847307,12,42
12.973129729745724,3.531922752847189,468.7010159876626,30.25309506290106,45.820092068127224,11,42
12.85956336276538,3.863145398042669,534.3838043463818,28.16612685518902,49.67836302570519,9,43
12.991361058722887,3.3919275366847774,577.3730390819657,25.205737151320058,44.065755314096464,6,43
12.881067008016167,2.021613936198649,487.0666030764543,24.534607658470215,26.04054457651412,10,43
12.701733045398598,4.888641576851165,586.3710838575211,22.214411866526312,62.09422026379995,9,43
12.914062309644383,0.33044007723605195,528.8517772549036,39.32486821413596,4.267323747030077,11,43
12.875477776719938,4.571696775890793,581.5293426917888,35.07923807193568,58.862780239884096,14,43
13.019321319973903,3.2155429302237506,646.842611036551,30.653517735231098,41.86418662675343,8,43
12.955728731340134,0.6633654569381159,635.9091838397561,24.837876565176778,8.594382909831724,6,43
12.73047999479789,3.072115924629242,529.1866278245559,25.944756154172346,39.10951032019259,16,43
12.984561039825289,0.5095581019960042,620.3861809761883,37.54478914324401,6.616388278704636,7,43
13.047030759197357,4.48305199107033,637.5306686290962,23.70660359057429,58.490517222575555,12,44
13.075863204804111,1.5693936241151187,557.7355309081984,28.583651867927138,20.521176343421054,16,44
12.878621202621463,4.190592869051407,553.8031695734813,31.97957016354421,53.969058174919766,6,44
12.970158684594878,0.3566992522192093,637.4580616489106,37.37103012640577,4.6264459039594765,7,44
12.970958161659874,2.683742488424198,602.0523046283571,28.608548206419805,34.810711534019234,17,44
12.944417637848174,0.8601141191216739,595.7753990255754,26.816313995796932,11.13367637412084,9,44
13.1625202401208,3.230276254841546,496.3472786468144,31.83394324612651,42.51857658553347,8,44
12.959543363890159,0.7002790534800689,471.90170940514156,27.69022655289625,9.075296760398908,8,44
12.99442342597119,3.083125119432108,559.1669583803116,34.87187832353119,40.06343327714881,6,44
12.88963945650708,4.479104074992833,474.5618538938361,20.05842065242724,57.734036614829265,17,44
13.0656564176681,1.3465119699292527,570.3024758939756,29.39283549361418,17.593062761373055,14,45
12.962980537299204,1.141269021144286,456.6072636782004,32.215601421515366,14.794248108915893,9,45
12.99324397529345,0.22642783597001995,487.1224250267535,20.153280652984506,2.942032115556195,13,45
13.093447958307307,2.945833488172644,531.1234953246224,30.25335451912833,38.571117471227396,16,45
12.926922221149603,4.127392009991588,602.6856522841414,30.63198929208862,53.354475489355586,16,45
13.09260071385986,2.5690235856325696,561.0655824335971,34.045175320633284,33.6352000311758,8,45
13.060810619851747,0.9929789088216807,555.6392200792175,27.797447058830883,12.969109477627008,8,45
13.068134926706325,3.627356693440911,550.9260835210403,32.158104281814076,47.402786697177135,6,45
12.936693894831656,1.4365146576018648,567.3396505992774,21.190494006955433,18.58375040083423,9,45
12.914171153739833,2.0424266386159013,577.1407581201312,29.12473017911084,26.376247180043283,7,45
13.037339578316175,2.8380015522662894,527.0691660197712,38.00642536148543,36.99998996068403,17,46
12.995514401819193,4.72028341577084,535.499870958827,33.37145293445828,61.34251111031825,14,46
13.098898551503298,3.0737235311316673,583.2659889773533,30.043072199239738,40.2623927096622,8,46
13.0386724047245,4.393753248638456,605.9469300060974,34.479461109321875,57.288709236190854,16,46
13.038991208964188,4.179285116218357,652.3319592902172,39.82526453467266,54.49366189012603,7,46
13.014677000935555,1.6161953967399498,557.594157136373,29.72000987595206,21.03426105896934,15,46
13.000536214819007,4.120271372281014,493.7488920859551,21.347691095710452,53.56573719022133,10,46
12.95337726901562,3.4302397874932757,656.7655446304756,25.50762348510837,44.43319009058837,10,46
13.044236238032367,1.2861397194283126,620.5597005493021,27.684792402747625,16.776710335339576,8,46
12.836069207133528,2.9945539836517465,533.3406586381791,27.423448468752554,38.43830217865122,14,46
13.043172933619658,2.723900474591954,558.7195242651651,30.233627731630236,35.52830494407152,17,47
12.940429533151407,4.47246576888228,565.2539484855632,26.91754921475715,57.87562812165297,9,47
13.07376532826313,2.0187693346823092,470.2040002264504,20.1342078060812,26.392916533530403,16,47
12.882656180777905,3.450179070728045,535.7064966751906,32.11558498905381,44.44747073030522,7,47
13.078187316277003,2.8865045352221115,633.905542401215,22.10518370394025,37.75024700091786,6,47
13.046402999208286,0.3321762553734343,518.6667642739549,30.109102358209,4.333705294369751,16,47
12.874270264688942,1.7033900531368351,503.4513368779456,22.94123701133177,21.92990391026647,10,47
13.107091944794124,0.7574670089625228,561.225984098542,39.11837657910638,9.928189731619982,10,47
12.788621176445073,4.975318270684744,514.9664975159044,30.90762242436605,63.62746059603299,16,47
13.040269785599577,2.050457142737227,598.3858462905139,26.807742085090112,26.7385143251031,9,47
13.08216965159785,2.7548361495150853,603.8622304620726,23.366739118382604,36.03923387031092,10,48
13.062084398028693,1.65119959688717,645.386043856959,25.186697946341887,21.56810849253117,8,48
13.08704955047536,3.4514591432898407,517.8950340027571,24.7007442960765,45.16941682967538,16,48
12.886070018962421,2.986244484769741,621.3955128058767,22.78393402691391,38.48095552448324,8,48
13.11643999717879,1.1950832153002782,566.1044454809419,35.647766589201744,15.6752372851216,8,48
13.113186176200001,2.9330113336749575,628.9732485574123,32.41320959649168,38.46112367538438,10,48
13.014613167919197,4.2922773531274565,606.7485945300486,34.21769433364638,55.862329360373955,11,48
13.109373966149457,2.7602558180737407,607.3846585882717,37.3993831929537,36.185225761368464,10,48
13.116679890988978,0.47715704897203415,665.4504801674634,33.61511785920971,6.258716269095124,14,48
13.071538220380987,4.9087394151808885,525.3704195573629,29.668148719462934,64.1647748794276,11,48
12.939696753179312,1.5717610665241768,655.0960750356996,24.064461821721746,20.338111569276542,13,49
13.32523487440956,4.609926610910612,534.1340006507758,27.245361741971823,61.42835484417475,6,49
13.236395625998828,3.8697334143426447,575.1551087208254,31.470579029111466,51.22132243938649,8,49
13.097266157969269,4.2990174413860265,584.4363358173244,28.782996332674966,56.30537564758484,6,49
13.014677223385672,1.697115584020546,552.278697326566,25.120951302099087,22.087411536805075,10,49
13.350324440428532,4.646636512304417,601.6141337199521,20.382321888595282,62.03410499600525,11,49
13.229411271998602,3.5241556713781184,639.3763231061429,22.688702588162435,46.62250476320748,10,49
13.231538918854737,1.5380473875898544,565.4221531378472,24.21409927734406,20.350733867938015,14,49
13.104627166373284,3.237950387256484,574.1764181315834,21.380590817756993,42.43213260821021,13,49
13.135058320660837,3.560164509306101,599.2619358390832,22.08808259496163,46.76296846088251,12,49
13.06797586705513,2.156206548955668,598.7986070959698,28.142129782512555,28.177255146138897,11,50
13.197032231052829,3.234031181629963,507.2081114524838,31.540813289238216,42.67961374020049,7,50
13.189061317772936,0.7420718848928542,639.6466470242959,36.84148874797158,9.787231592047194,17,50
13.132078952537462,0.5499288097659368,604.1256349661595,28.05746565265274,7.221708548121237,17,50
13.12208915251003,1.6040724371395605,651.3852203302845,23.04659178929071,21.048781527229355,12,50
13.122160882918903,2.4868975344502,631.6680657421826,24.520579956319995,32.63346954638988,14,50
13.109353777877065,3.846134857759023,530.8566511372887,23.75685705075548,50.420342527787916,12,50
12.848048784417918,3.012150984576892,609.1924772376848,32.49567725578805,38.70026279587637,9,50
13.192530240422787,2.4232290404064405,710.9369838600421,24.69306883551699,31.968522395032657,10,50
13.17365817508762,2.696815483091606,668.4854388984891,22.857519226788234,35.5269253355326,12,50
13.113453076867838,0.9613958937266143,685.8549270312103,37.63984339443272,12.607219940677375,13,51
13.13059116020654,3.79349712380576,615.6177436016861,26.351735905222334,49.81085980011285,6,51
13.120380996777843,1.5256138775403174,608.7689490686053,34.139529749114324,20.01663532730054,12,51
13.086293175652793,1.8337795822676608,729.8884794029865,38.80897011472345,23.99737723308072,17,51
13.155702460008015,1.4978877746457224,569.1230480077511,36.8542380432111,19.705765881722662,17,51
13.26885131534475,4.726322320717004,615.5698843946603,28.447690443686117,62.71286814198906,11,51
13.22204648499289,0.6285897177227501,602.8389123533752,33.74038533006485,8.31124246771876,15,51
13.256808037490964,4.252393771547928,613.5444739443884,33.516954929286726,56.37316792923309,12,51
13.238009505702768,1.0774747359531223,589.9983942672569,25.56878816500869,14.263620796702012,16,51
13.191865759096144,1.630650601469327,617.8657853702798,22.10729844501713,21.511323834572746,8,51
13.215649200799145,2.0485765755320005,567.4998016245479,37.31640330444711,27.073269383205332,8,52
13.071851793839022,1.969794420151017,605.5273717175462,27.396265119743532,25.748860724545167,17,52
13.187360812650322,2.8499329503362136,632.3709885825494,28.315950013749003,37.5830941079447,7,52
13.27822071440434,2.4669526599823124,559.0583441109616,37.603134758429704,32.75674191123203,6,52
13.280813726990752,0.37250563962345606,653.792747987997,27.894687076896563,4.947178012092666,13,52
13.343459187529351,1.71501125006408,656.5031152026346,32.89665208044627,22.884182621383747,10,52
13.181658890041202,2.9800412257986664,714.2347523984454,21.706826729686497,39.28188691673827,16,52
13.16158859978858,0.7352586191421266,607.8603546963853,30.317238054246562,9.677171459597307,17,52
13.245837745260117,1.3610666410599004,584.2546540128792,38.221374055347674,18.028467887965633,7,52
13.194196412180178,2.140590786823372,484.059574987005,30.61875356824188,28.243375279450877,11,52
13.34040219592182,4.41270569432375,576.5777563621932,20.833136367653648,58.86726873451328,15,53
13.130918718469117,3.9151586151332602,679.7160847334436,35.4584296375223,51.40962954522895,13,53
13.17268511768563,2.0363855531390502,630.7876939958833,27.354673016102197,26.824665669704785,10,53
13.347085344913747,2.686210533020379,586.8885239904183,26.961911863365764,35.853081238629244,17,53
13.265476084123652,4.265891969522718,626.5443850928009,20.47189929291058,56.589087899158756,16,53
13.286121286805683,1.597492389368859,681.661928927262,24.141898363531425,21.22447763990367,16,53
13.209417121926835,1.2955297447697556,615.0187999882381,24.932072699560493,17.113192792527112,17,53
13.17831428659398,3.4238829514209432,621.8648102638358,31.644175195364625,45.121005614336184,13,53
13.251088648829597,4.821288081215389,635.5350452859342,21.512100812335014,63.88731576573067,14,53
13.315248106016453,3.1747259428788284,580.6886525996375,37.92150223589147,42.27226359803862,14,53
13.321326922347023,0.9054210060234065,702.6497377813415,36.22247539866942,12.06140922359813,13,54
13.394286395373381,4.747497198014945,657.8771887906136,26.74680282034047,63.58933713144482,11,54
13.38073345165891,3.597062481284132,628.2024488178739,21.244064523294057,48.131334271025786,6,54
13.281517537809487,1.3052044194104704,670.6506681126906,20.891276468973583,17.335095386826612,6,54
13.285786191500895,1.3610878117418679,661.2286313974784,30.01207142309415,18.083121654660278,10,54
13.292769500564678,4.657569377671438,652.5893145522933,35.21708689028991,61.9119961702749,15,54
13.264982033349344,2.8921974241405644,566.296634573298,37.27923161470021,38.36494686812384,13,54
13.32678617477518,1.3614902255218178,650.5547025656961,39.212539510263994,18.144289114575702,9,54
13.122187564811625,2.2975802511949803,655.1086333040971,31.87121870757572,30.14927900138754,12,54
13.199756842274514,3.551893554692349,697.8479418343352,27.904118526199404,46.88413125158108,7,54
13.305776579536671,4.300265150436166,660.0912927017001,35.46178083394932,57.21836732447128,9,55
13.386975794214818,3.3996822994237723,575.3363521064418,23.25399487617132,45.511464650406616,13,55
13.371231662062325,3.0947086696184796,660.8631723929093,36.708156616842516,41.380066548061386,9,55
13.376848838045648,1.297648542097322,629.6261238658063,32.687273777433745,17.35844839254619,13,55
13.266004984483946,2.670481362182907,663.4302898249796,36.165508791118754,35.42661906168992,11,55
13.27132802639594,2.5082727036944434,636.6933692687089,33.248680234021364,33.28810983038399,15,55
13.664587778960009,2.5114368333241006,566.8297020786656,32.708872913190454,34.31774906027053,9,55
13.33975119165762,4.764457253612233,647.5202719088082,31.542451720766415,63.556674326475566,6,55
13.246537017423998,2.9075553384008854,679.5312799581384,27.17156923049746,38.51503942033609,9,55
13.234602760119301,4.790336448260132,677.3044059769842,22.96355856459891,63.398199980043636,13,55
13.193975236796893,2.984426406413382,747.1693117425856,30.333967704525357,39.3764481022609,15,56
13.329822472411708,2.2644938073430403,656.6670711856777,38.075151435502846,30.185300441758407,15,56
13.329087960922298,3.945754414433032,694.082505596223,29.526714666021974,52.593307662175334,7,56
13.388902805374265,1.0934523092160702,581.7245044158797,26.631293981343873,14.64012669040601,12,56
13.35721795096365,1.9489003444555135,632.1720823868744,25.90483604979284,26.031886665600425,8,56
13.087578614337287,4.092217188838008,657.9474073398247,36.716518558210325,53.55721416585977,9,56
13.451704728873993,3.342323296956582,685.0295434051524,23.031901496001986,44.95994609909657,14,56
13.287550839121996,1.5921401295147481,645.5595205947316,38.620199417706,21.155642913933494,10,56
13.417023680038028,0.462245216004667,520.0815808371449,39.461563259446656,6.201955009118911,12,56
13.447498166879235,0.44912452921908325,639.873693593505,23.82237418992005,6.039601283374122,17,56
13.448937328295651,3.7611023694018324,598.5602982420672,36.9685075818105,50.58283005138952,12,57
13.466372467225728,4.126528395865726,667.8162951363888,25.056272121784012,55.56936837531137,8,57
13.334973659841667,4.529312944395921,599.2269553150935,36.13387039389478,60.398268810699506,12,57
13.451536521022845,2.8038608166207495,618.4436971536777,22.99202899053905,37.71623617463895,16,57
13.530736897093412,0.29922257068114144,630.7723781457892,25.38039293596621,4.048701877558462,14,57
13.458527939629542,2.5129639005181597,586.2333136873602,27.234205097191612,33.820794866404086,9,57
13.28855027907444,2.8884401477282986,672.5083420596484,35.61463706401802,38.383182131184704,14,57
13.260423787154446,1.06493961981511,646.9496930670193,21.96469984378161,14.121550666479497,11,57
13.404007075919141,3.699109095947919,680.8871544545697,37.2338180757469,49.582884496682766,6,57
13.344177472475891,3.392701732344346,633.0134634312886,23.146525600036565,45.27281402757935,6,57
13.519820704694391,2.8979494131323413,710.8780061102383,38.94181334217038,39.179756476823584,6,58
13.395709834288478,2.6320287151171797,565.7449712823205,27.744745423561916,35.257892943224874,9,58
13.38460330523358,4.227187173046452,660.4200374070966,20.228359669081474,56.57922340819854,15,58
13.521539344564607,0.6680687630763078,682.1559670835678,31.17961268199548,9.033318064810906,8,58
13.444640985498522,2.7955259222389004,756.1239522283606,28.591918871521294,37.58484239015667,10,58
13.483882842020254,1.0604269371573922,685.0486472194694,36.00006963527363,14.298672583152651,8,58
13.432716402048616,3.4503315797968335,675.4963233946715,32.50058372170412,46.347325604443235,7,58
13.451657401513913,4.024070706518587,704.4928920818513,25.00935797584998,54.13042050355607,13,58
13.416705404068894,1.3880483510739774,669.0930353189926,23.256300993537277,18.62303581296315,6,58
13.236376476710168,1.6725276777062776,684.4326405740335,27.05917006904713,22.138206009838058,6,58
13.435775253304833,4.414325585527207,707.1476895953434,32.11009533231753,59.30988646205682,13,59
13.376634545043348,2.2772810220764605,718.5989877479788,33.708877664438035,30.462355988679604,10,59
13.463474378746438,3.967336750202625,669.9740824982104,34.66973492984208,53.414136688212196,12,59
13.411023135421091,3.8045110321439277,605.6976156958981,22.027457951063184,51.02238547104699,13,59
13.396292438447649,4.905769956522488,588.5774224044476,21.35005093367644,65.71912897332585,15,59
13.423959928579423,3.7418479272061096,625.7883427865847,34.091088560548904,50.23041663365279,14,59
13.456626077640337,0.5554026459792704,599.8055211268044,32.109653384288094,7.4738457294750935,7,59
13.272254691530492,1.5798159915068004,665.5979146862694,33.13512126949114,20.96772020503103,11,59
13.475568980026718,1.026130893549333,618.6639445586892,38.51044415703762,13.82769763856049,9,59
13.392331991541273,3.0754140183218315,658.4172444836973,32.47297556580532,41.186965544805965,7,59
13.598991139724117,3.1280356019815314,730.6837870271931,26.258147884272965,42.53812843608844,9,60
13.695533274819063,1.2228080416870792,631.1218937263657,38.78114191934374,16.74700822364173,10,60
13.519069592092816,3.5654700532038737,613.6763935844458,33.602237708939455,48.20183777778604,17,60
13.341754007505392,4.694082269183452,757.0392905997375,30.839801497795317,62.62729092643833,8,60
13.469023049618386,4.231047711989248,704.8742628652828,23.770812114985024,56.988079156818316,11,60
13.477644784912577,0.6446023186465626,671.2822871048583,34.96768699352462,8.6877210782494,14,60
13.319453491028096,2.285135931231727,658.0497024564386,34.468956357000025,30.436761756718166,15,60
13.676534146172209,3.5641646521348735,706.9890129495978,24.080493314771573,48.74541956750259,12,60
13.50942241290135,3.7458711234875186,668.2796099841839,20.274911080226904,50.604555311482244,6,60
13.410139516440395,1.3882868973434546,636.4741447076156,21.250525914856915,18.61712098222189,7,60
13.581205206571262,3.429784009270783,762.3623077667963,21.622983570724784,46.58060044412321,12,61
13.553787678237532,4.150322264200484,710.6265718179742,38.654210162655225,56.252586765235414,13,61
13.561224895268065,3.7658311696061073,626.1168788836351,34.75834786708051,51.069283408638796,13,61
13.494495927733919,4.619679720624116,657.0222162489158,31.688978195148522,62.3402491773971,14,61
13.598338644332909,4.59323448760555,668.5585573345713,37.19647670782552,62.460358035289225,7,61
13.489913362615523,3.225186653389558,760.6630331660517,24.96767217486415,43.507488532489035,17,61
13.512783354677211,2.7681224220748777,751.6029491169942,22.887752642673345,37.40503858872217,17,61
13.513268534075477,3.9684690276593964,552.9082432925279,31.97690800158878,53.626987639922824,9,61
13.346539026496623,2.453722601810541,769.3071399391556,20.566225488053355,32.74870446526122,17,61
13.538206034270528,2.1664210562047646,669.1933809512932,33.10347429048676,29.329454615882074,6,61
13.694772703565826,4.724150276096561,700.264065898287,34.93553279067436,64.69616424863014,8,62
13.603061299721952,0.7300729443732927,744.409233026643,25.783748925918996,9.931227015578395,9,62
13.535587584577547,2.8562249017555885,734.9877748144411,25.097644978297645,38.66068231896417,15,62
13.59418660617185,1.677419992067579,723.3632398688983,38.27576887746518,22.80316038908997,10,62
13.431446178200108,2.6270439364254026,627.8313687639421,38.82241625067347,35.28499923986474,6,62
13.609789673816682,0.5726757247461501,681.663941261938,36.57742552505917,7.793996165095638,12,62
13.58274816654743,3.4493157583848193,680.3235156913801,36.75816749703607,46.85118729304457,12,62
13.309603150574782,0.2636049608187706,643.2410763948421,25.91885777717313,3.5084774170206514,10,62
13.705473400731691,2.0470573626612953,664.0569236027814,29.787528979413405,28.05589023372635,6,62
13.60795664721781,2.753067579236068,716.5365331634547,35.78864388390382,37.463624265105295,11,62
13.372867454405887,2.1881644427447853,731.5493328785657,34.64827729625337,29.262033061269932,8,63
13.508042014525083,0.7056583255103992,641.0747544662332,24.447226094963405,9.53206230889389,14,63
13.512061394722886,1.001269139924007,652.9797718083881,24.874589650486836,13.529210091294564,8,63
13.698883529671136,2.9451785784828837,664.503698735587,39.72493343902803,40.34565832071942,14,63
13.420401668776204,2.796344018422788,610.0037807430477,33.92859614072215,37.52805993131354,15,63
13.579044549418755,2.1773988561636894,639.1415689057562,37.41053932538769,29.56699606970018,7,63
13.574779860568796,4.6790107251598805,800.5719575563528,28.78191130501657,63.516540559285744,13,63
13.479418460520979,2.080924991302525,736.5568120911828,37.91349555237557,28.049658742722713,12,63
13.63273156575442,4.315082731332036,770.717516297465,33.46492878709063,58.826364560272054,8,63
13.781862892426988,3.505431820677803,751.9238263802378,25.0654476704543,48.311380731332186,14,63
13.703541702123028,3.812663811544813,765.668896115825,29.301104966012886,52.246997537679675,11,64
13.606687934698245,1.801416300016955,773.1784441209313,35.8311640518274,24.511309434809455,8,64
13.575824011167969,2.5248532461992417,772.7660787339039,20.267353665187912,34.27696332442706,14,64
13.584429780707913,2.8004526284843037,759.0348071911341,39.361316241015174,38.04255208584393,17,64
13.6480679175693,2.3622971430588575,713.7065990755789,30.26736420449831,32.24079184994721,11,64
13.424344729395813,1.2565343643428148,742.9855722983068,27.010410685723237,16.868150471270184,13,64
13.59332280858047,2.4283448947482795,681.1195409099606,34.45475504477609,33.00927604488173,15,64
13.670143251879761,2.020287378466155,701.8381960346613,36.6273541244394,27.617617873596963,6,64
13.75661946654954,0.6577836909106813,642.5554222913461,22.07357161468553,9.048879927160684,14,64
13.445951733230618,2.8305553119883524,802.9819676030595,30.421463810167758,38.05951010323492,12,64
13.757629655932414,0.2702156426128434,758.6627160658525,24.144845995377565,3.717526738307289,17,65
13.572936032816804,1.1358809595213881,746.441565090651,37.808190344386574,15.417239604478373,15,65
13.66472922656312,3.066345468753449,735.5654336721442,33.08265474055747,41.900780545614644,9,65
13.658727613567828,3.839683001869084,778.1100394520377,26.1380902638914,52.44518424497627,16,65
13.56023660713809,1.7063686794771946,687.3955555703469,24.83001255985667,23.138763032720536,16,65
13.739256854853618,2.8780517367233633,763.0228024211102,31.693361803316495,39.54229205239983,7,65
13.76058850841927,3.365651689475697,698.9530557153857,35.92482901082737,46.313347961541176,11,65
13.863805675928862,3.7915175903931004,746.5995303805902,24.50083752341744,52.56486309007599,17,65
13.468507961585516,3.3426035617102356,705.3076481826447,36.47534791598246,45.019882683318414,15,65
13.749451398624347,3.934521167094335,746.858921381288,35.217026618615634,54.0975075638223,11,65
13.744558396694421,3.789625157177945,762.8656519456199,23.01216206436548,52.086724274414536,13,66
13.71296500472997,0.387100739173426,649.7598614318972,33.33694782611316,5.3082988895902945,11,66
13.542217753796246,2.668164992044828,711.8717607949011,34.72457765057101,36.13287132532709,12,66
13.63108509699742,2.9681715145172305,760.2314123158849,21.345118279347357,40.45939849686808,16,66
13.7536788679987,4.3185117008347005,758.6234397006801,39.95256594804313,59.395423120975344,8,66
13.502180699272404,1.7269013451366657,759.9225467582282,39.2231883142033,23.316934011851842,16,66
13.79947970568944,2.91766731788034,698.1215682116517,26.25555978420708,40.26229094104309,10,66
13.740206999030606,3.8590525976046077,794.4466659767704,20.77876033375331,53.024181511234076,16,66
13.502863004343215,2.0748493163925543,651.6214753095337,21.386566607755295,28.01640607390383,8,66
13.854877178325943,2.0683062641205847,703.3928242401998,24.57750924966998,28.656129256552877,8,66
13.67955939884464,1.9831325295652842,783.91442148525,32.37054117436371,27.12837923396933,16,67
13.459285685790375,2.571908819061837,668.1104552371062,37.22090599006624,34.61605555355701,15,67
13.780180982183373,0.4560703855467089,815.8686394976257,29.09528685105322,6.284732453447797,7,67
13.804822199765573,0.7283037641653531,718.2531274283859,38.50094350686029,10.054103971722697,17,67
13.907258719053079,3.5462518682806845,736.1847835923924,32.972779135376314,49.31864221510482,15,67
13.87183893113572,4.08924121615775,753.7484127378833,28.276549306415916,56.725295501101854,13,67
13.67122958860931,3.405250839695134,826.9974425274835,36.747341595403014,46.55396603627681,7,67
13.866416042071478,4.223143879945484,778.6987988276112,36.056218696490006,58.55987004485204,11,67
13.61297388237025,2.1290585594755043,889.0973482703109,23.07382085688409,28.982818564176867,10,67
13.755461937240142,0.5770775884338903,788.0454675153056,34.8112944651902,7.9379688025367106,17,67
13.697419443088183,0.35237007379034535,736.4581144216652,28.466702883063952,4.826560699898295,6,68
13.837157126868107,4.437991119289866,757.063334206595,33.180908202644645,61.40918044525914,12,68
13.788177599658873,3.480578131556043,744.0730917095741,27.508822193358252,47.99082942738357,12,68
13.833535543076259,4.986741919537293,712.4211135417335,20.600520106587858,68.98427158806747,15,68
13.830631995026206,3.1711595105532235,824.3820460558109,38.81546599379002,43.859140187989055,10,68
13.725757900284759,0.5216793812058078,719.7685617998018,39.50686266958141,7.1604448880012805,6,68
13.816991149288286,1.6690470249093823,759.7670929450327,31.037542728423713,23.061207970918883,7,68
13.726322583688422,1.4890984037774844,666.5690850568127,22.019562136355223,20.439845049105266,9,68
13.867198447126963,4.92945839497897,617.1305701965058,23.320436472857217,68.35777780002934,13,68
13.573778673391999,4.031807346604096,720.8592156830244,26.525078360822935,54.726860576559865,13,68
13.732128343133489,1.8977440955875229,806.5217170699555,26.049580583358534,26.060065483031654,9,69
13.836502946583556,0.9052252332020996,724.128847344584,26.85290293045043,12.525151606522638,13,69
13.58519003994962,2.9043601495224998,744.4947889207248,36.076097809669506,39.45628457571965,10,69
13.928201600000572,1.6573949030904331,746.2053969319434,26.23379657030083,23.08453034105696,17,69
13.767453575291093,0.594907156529897,663.1876833266774,29.19168114427246,8.190356659133789,15,69
13.658413945286979,3.68002916623577,635.9021791329095,31.48575150180422,50.26336168317745,8,69
13.79439611496857,3.8727695783204785,700.046321680411,38.80838414601494,53.42251762535248,15,69
13.772110281652589,3.7598789688130028,681.7405076598212,29.85138141506595,51.781467804158886,17,69
13.886072358614983,0.7616562793181418,816.525770943528,35.99435827237439,10.576414207005183,12,69
13.705610901256673,2.6664835259676702,836.5088816672978,38.065960287514216,36.54578568152383,6,69
13.81429322452144,3.733951088642399,827.2338060051067,30.257941110376187,51.58189522452715,11,70
13.839562448874709,1.9864316251851062,684.1678725289604,33.23334519258378,27.491344527168955,11,70
13.83325949082278,2.5556720322193303,749.0124752078635,28.131135676162085,35.35327439512839,11,70
13.948178389745193,2.882076534197109,853.6510311787729,27.423390320390627,40.199717631879835,11,70
13.931795915230554,1.963475497745938,734.3401817743302,21.740344366055776,27.354739919152138,6,70
13.861961445984779,1.820716649596326,841.417297969568,39.77043295990893,25.23870400076685,14,70
13.82354024824836,2.7053744166971065,676.5780623048686,31.778661498911283,37.39785213579388,9,70
13.86348173363459,3.801275666906443,821.4490251244531,23.040971348489837,52.698915772667114,6,70
13.67180046774068,1.610955684881108,772.4950854558864,24.741694170346804,22.024664686067037,16,70
13.744380404511155,4.560485849021001,723.3553557136387,29.361381084685803,62.68105233833466,6,70
13.917215280437645,3.153217535755587,817.9408322389075,35.20848623364944,43.88400727116159,6,71
13.878973676435747,2.0038640760612143,776.4353130547602,34.162436698012506,27.811576762808834,7,71
13.783063350615969,2.6507876358058877,712.4998214057036,32.30258281082399,36.53597391334208,14,71
13.996436353344102,0.7923239129868629,759.1181647307313,32.5264470331239,11.089711219353177,6,71
13.76526099241411,1.812833883152522,802.6662345166301,29.31365083524559,24.954131537486006,14,71
13.691282630332832,1.0327810417041057,805.5289583760883,27.595030458386347,14.14009713722047,13,71
14.03424094099168,1.2117509569025033,811.2077106735443,31.12912411650913,17.006004889646956,10,71
13.917285947957723,2.0591480862815073,773.6934700154842,21.32330377668881,28.657752725969658,10,71
13.799787629067595,0.6202335873333469,846.2309870580375,25.656022613409995,8.559091785614935,8,71
13.823530270388332,4.815163157955738,764.7905911445752,33.357358134016266,66.56255367085983,8,71
13.996845050801815,3.336240792697667,861.141350300464,23.846197920672548,46.69684542755346,17,72
13.909134164677933,1.5318304626797792,802.6700425618781,25.632320842112634,21.306435422953722,15,72
14.07026681241615,2.806502868160468,751.7971490336101,26.93771952728771,39.48824416482897,17,72
13.815601937403077,2.3254310554099398,764.5225672319826,25.220970524696963,32.127229794418845,7,72
13.877915491505785,4.927259571042051,787.4850373583928,38.77992844171955,68.38009193163464,7,72
13.766459909699076,4.846766630963521,790.9195923283153,28.934290545170406,66.72281851682658,7,72
13.744638485392093,1.0505240048537172,818.6904281154534,25.885334732742287,14.439072666940632,8,72
13.781108347917515,2.1315500446366964,863.3681598957779,37.691737764592276,29.375122114146727,9,72
13.795439460157374,1.6345142492433478,826.6068230454265,22.14114357108372,22.548842372201182,11,72
13.82577248254921,1.8421165801452513,751.3622394402961,28.599152395596434,25.468684723419873,6,72
13.867384814413855,2.5319236587806313,804.5424602216341,22.338470710507828,35.11115969702969,15,73
13.987034281161643,2.2824508297051724,702.7601004948506,23.288110581577573,31.924718000152083,14,73
13.74873238551414,0.4171961072906617,723.2201002022875,24.358174165040268,5.735917631417553,12,73
13.963347937867008,4.140708883035876,793.9905216859356,31.33210517810926,57.81815884324659,12,73
13.834860672336973,2.8907830832050334,867.0401200968954,38.853183539332605,39.99358119009034,13,73
13.955671623400518,0.7013816868807266,809.3183488763127,31.537147622654004,9.788252504774142,12,73
13.835845743038034,3.0083765225897747,771.5820986793938,24.525505016331998,41.6234335035293,16,73
14.060639405525356,0.3557285410264974,814.1059160196241,33.174352774540445,5.001770741627213,17,73
13.952483122076684,3.989563032435451,767.8624486940782,34.963216527753715,55.66431087451671,11,73
14.045812980770886,0.3525367249151573,766.1854852697608,35.64101538527517,4.9516649070117715,13,73
13.89892852995397,0.45327323772609257,784.6970057476417,33.84022511893309,6.300012335695796,12,74
13.834350273159036,3.5060601958945536,803.0643060865266,37.95487133019451,48.50406482878584,6,74
13.893160826918297,0.448572265917521,813.0058999125987,31.14621150628617,6.23208663288728,6,74
13.89794035315338,4.581883734735562,844.030930300488,31.313763442820115,63.67874685043848,13,74
13.990444660527894,2.0461331646980874,815.0833147355681,29.18248046573362,28.6263128087794,10,74
13.888669526657212,2.219653768476444,803.2849068905762,32.03364328036592,30.82803765396863,10,74
13.832644285411176,3.3399687405732723,750.8764543575355,32.38478064107163,46.20059951274283,9,74
14.11434653400671,0.5285621723168805,816.9542782732972,28.353339916339895,7.46030966484782,12,74
14.097024967277218,0.4113938210646291,795.4851157365911,33.86670307469413,5.799428966931652,8,74
14.013460979063662,2.1353972294396106,689.5029360711261,36.67288020950345,29.924305749552637,13,74
13.911317355027666,4.51644972283851,707.1140069321144,39.24522893218314,62.829765412433254,8,75
13.868071314458117,3.4439500404995536,710.6527134330076,33.163196485951474,47.760944765078726,9,75
13.929293579395566,4.554794932910748,802.733970424088,23.125674190995525,63.44507581445714,15,75
13.823552969081923,2.611650978398607,816.0796605669619,34.62972719406231,36.102295636647774,14,75
14.06440495973248,0.4410292721141852,775.1644588034795,29.292263376179417,6.2028142821099514,12,75
14.112040969398386,2.1354110392823493,871.4728901022004,35.04795764607576,30.1350080728581,7,75
13.858376210614068,4.489254014960632,694.2079217383387,33.16109967722441,62.21377104433411,11,75
14.0004258279741,2.6022911161602473,781.3955879273523,28.67541132036035,36.43318375459747,13,75
13.802802703586728,4.527598425377924,818.1159229367779,24.304089594663857,62.49354778656143,13,75
13.9655541285558,3.696180100830301,820.9804986012059,26.9161219682085,51.619203267036404,11,75
13.98413932307437,0.835542144782982,872.3282411085305,27.645045039549167,11.684337762945598,12,76
14.01534345192411,3.3656287119263704,791.1810668444798,33.76091114148258,47.17044232930503,6,76
13.91165224622648,0.5153221591503643,776.8035349608629,37.74238634447397,7.168982672874445,10,76
14.053060341286253,2.2025284091099673,714.5091830233918,23.204512019530124,30.952264636619585,13,76
14.157610223342555,4.510230304869385,784.2005698806817,21.682553245187655,63.85408267384821,15,76
14.11632732434662,0.45147821885533385,779.6796628518757,23.192498028643346,6.3732143171748925,7,76
14.004082762939378,4.184724718390007,804.8722457005813,38.965030755801585,58.60323129645184,12,76
13.970633792173581,4.368365714945283,782.6364294703094,38.529275959123694,61.02883767378708,15,76
13.9921736118596,4.318184436392275,806.7089407475821,34.623146889098344,60.42078632203081,11,76
13.938862550258605,1.3897921218964333,860.2567274192135,33.95432615106586,19.372121360546636,17,76
14.075438421737854,2.8121535800177706,812.2815700590643,25.504783620740167,39.582294548009784,16,77
14.197426951894604,0.8334335341950163,836.5513327409365,30.263661675135577,11.832611720993098,13,77
14.022633696749754,0.9840159108274746,774.2618305303802,24.435639563846372,13.798494669307246,6,77
14.104566159675096,4.665912416812763,788.562543329259,21.907218425460073,65.81067037818514,17,77
14.055178542046027,1.5791682392427293,790.8040264312868,25.59491935538142,22.195491550485016,15,77
14.1251504679816,3.8436172762670644,834.4810177169666,34.5505846045019,54.29167236860589,9,77
14.09117189930277,1.2380025352953385,908.1451524152325,24.171767354821014,17.44490653661926,10,77
13.980349661178426,0.9163974547590747,838.7952097585352,25.363487354898268,12.811556846145804,9,77
13.942038604099718,1.0222157975440178,803.8048389337268,36.54713109652291,14.251772111079278,8,77
13.946425393930323,3.279221510030008,846.4123095842484,25.19656275880599,45.733418139805046,11,77
13.947585586497233,0.7861352764365821,769.3281708951794,22.22274294664025,10.96468905066389,11,78
14.150130556340946,4.165110485831771,766.7049705008836,33.46184261822434,58.93685715610422,9,78
14.120782672523596,0.59371368901506,928.0634814383361,20.698784928119768,8.383701972283923,17,78
14.163295387010876,4.357287417813606,915.4810100858043,25.78879043238976,61.713548784599986,10,78
14.037317233409292,2.342921224623434,898.8888270621012,32.3754415408201,32.88832848292694,13,78
14.188460628205009,1.1673362144303017,834.4856649598684,38.688660775068826,16.562703918322214,16,78
14.008170975874078,0.6778232614821207,804.3785222771093,32.06384331229335,9.49506413826615,7,78
14.05439931665283,2.56271511287556,740.8686838874322,23.900179608772316,36.01742153117415,17,78
14.140178945469073,3.0918551873765843,855.892405325799,30.23277165038028,43.71938562298171,8,78
14.164039858839507,1.7567810112872864,846.5612659659254,33.52967499041209,24.8831162671255,6,78
14.00637306456745,0.28825348232766695,814.8011964283102,29.281333788090095,4.037385810642004,15,79
14.168863012010974,3.785975682219339,766.186497946295,24.374277778130782,53.6429708081706,10,79
13.99051890606614,0.7856355851690675,862.4549303221357,34.027665711193805,10.991449507586173,16,79
14.022314903387462,2.4969361756137083,894.4809452648333,38.57719099691131,35.0128253481154,13,79
14.226522067152171,4.241675175232372,855.9101130950879,29.65426946153869,60.344285482134886,7,79
14.251328955363194,1.038306492302382,721.6790575808134,25.918640588732323,14.797247378290526,14,79
14.125471047478108,2.906813920426994,878.8957768755328,30.005570704155208,41.060115873397834,15,79
14.22863120393494,0.8119312646731818,840.3569606605315,36.00412695367159,11.552670527979194,15,79
14.000236514939902,3.630650400809773,818.0215847866729,25.867068428820197,50.829964314398175,9,79
13.947785647220567,4.220148003565067,875.7088458619162,32.28971555023263,58.86171975327137,11,79
14.05189316633387,3.376806008547191,804.3889618175474,32.67423199531058,47.45051727553943,12,80
14.256503210483947,2.871576456810336,777.7203044192722,26.854618508558143,40.93863897566667,17,80
14.132615407283545,2.5950613611860764,879.82877537645,26.365240827714516,36.67500417594455,16,80
14.293514872000756,3.943140243248327,807.1522411800795,22.364372445821772,56.36133370925464,6,80
14.024783062047998,0.6420740201580311,848.9015367339687,36.3055266218112,9.00494884249342,16,80
14.273218911076079,2.043404664277282,851.3295995746405,33.325357229580774,29.165962097143563,10,80
14.001109182897089,0.6558333210962072,810.2448280676139,26.298368891777915,9.182393934450001,12,80
14.133448549094128,0.6207192137343357,856.3930570375388,21.31623521381153,8.772903070748395,9,80
14.267696538608819,1.7693169168160412,856.9011740550854,26.11487914894582,25.244076849758258,6,80
14.254711192710824,3.0430465810980594,838.2510124942938,33.893075456203505,43.37775015951891,6,80
14.081307245467007,2.9767640395007846,864.3312108782567,33.86844256112618,41.91672903746804,9,81
14.226200619882194,2.5998031614309847,866.0830530623508,34.604983790591426,36.985321346721165,16,81
14.127045105883825,3.1621085332575505,761.0944180227307,36.99918661006411,44.67124987902956,8,81
14.20101102610466,2.7131051817433076,772.8389032793569,25.645249408258657,38.528836600918396,12,81
14.285185785623048,0.6129543537581273,964.0020361008629,21.140538280072388,8.756166821541362,12,81
14.170602269750203,0.5201306307461545,870.0635767260844,20.961846208240708,7.370564296618062,15,81
14.37008642707178,1.4110972499344978,847.0265650461452,26.15541810586298,20.277589438562043,15,81
14.062636212875061,4.489449216061442,854.7816004387977,21.492768621588574,63.13349112164919,12,81
14.036417584458457,3.5683437146108345,840.5515345116352,31.12929274697644,50.086762463155324,16,81
14.177690056569022,3.7154645436682636,882.8492761171528,38.48215431822559,52.6767047163003,14,81
14.15450407406793,4.839428079449996,899.5537864422797,32.56239062487143,68.4997044667337,6,82
14.086980097190448,1.9761177158855165,910.3678412857982,31.00943554205881,27.83753093338472,12,82
14.283084727740857,1.8589999691667272,768.0120389911187,36.31538809270214,26.552254068476003,8,82
14.205885321092453,0.7104190272714903,819.8966003502186,22.282799386192643,10.092131231340844,9,82
14.113221589093923,4.439713286845874,844.0311574245543,28.29651311042704,62.65865740930034,15,82
14.357334450213946,2.3957266681754636,930.0757896420791,27.938959458685858,34.39624902629186,12,82
14.364169896812149,0.8497060878717635,826.8218263842036,23.952784411822602,12.205322608545604,15,82
14.45045827525825,2.992335907621696,828.8858831118667,28.029235581780867,43.24062517864434,9,82
14.122140684703613,3.442982286071568,830.8221687091313,20.761726011986386,48.62228021884514,9,82
14.42250560678066,4.385182694146426,915.5274297171798,31.539632248353637,63.24532199308435,13,82
14.257486788385265,0.5805453662297204,933.5366243795771,31.317011206264933,8.277117889078523,14,83
14.081300351780902,0.8886533936864962,823.8587778024579,23.028910438707147,12.513395345128952,16,83
14.376402134213313,2.7135843970621316,786.8593428965016,26.382469796409254,39.011580517291975,12,83
14.095706087931449,1.7120497874083114,864.5964118700078,35.82819501013951,24.132550611213077,17,83
14.288142945272021,1.529932398624318,892.4880178599324,38.817603391184086,21.85989280814715,6,83
14.140687786541816,3.096004141817767,783.059734557116,36.0336858638261,43.77962795528538,8,83
14.502353794003161,4.692498791593086,890.587244156283,33.4450137458839,68.05227765361523,6,83
14.278869518362225,3.1660714872622306,839.5380383500453,26.836945709961842,45.20792165242442,11,83
14.171506598120946,2.3113070706264076,843.8462005467485,32.87913158895227,32.75470340166573,10,83
14.221257956179151,3.810217757809142,796.2235250211866,38.11077675857803,54.186089603018345,17,83
14.304584085214792,1.8948938669042694,932.4173908786781,35.99566728891567,27.10566865168993,11,84
14.02858236141574,0.2699223428061387,796.4884877291552,24.947994941166915,3.78662781724221,12,84
14.137595537152816,3.203123789250927,897.2663250039033,31.432152989658878,45.28446858786192,11,84
14.286552119776823,3.8657228928815384,841.2938717495842,30.468027418440165,55.22785158976654,15,84
14.05434189143759,3.2015838065803184,909.0819873232388,20.24682092120748,44.99615341176999,8,84
14.220281691619393,2.056193873811094,844.5916822015377,21.023004112407953,29.239656098175857,11,84
13.979055130999773,2.0373636819345946,974.6486012250831,36.78293216141505,28.480419231660385,9,84
14.24885150139998,0.32388508574327235,871.3993963350268,31.06581279246,4.614990490274088,8,84
14.287669372824652,4.806996897943281,923.1765322092672,20.973896967998595,68.68078235400733,12,84
14.482367310306172,0.41880875815361024,901.8198534558827,38.919417796911986,6.065342268353769,13,84
14.259545228125655,1.015457951451475,869.0673361282481,22.538888275099453,14.479968585982133,15,85
14.383499057884615,0.9971592912008658,935.8137831877558,21.18211641751309,14.342639725548544,11,85
14.336916029009199,0.8842714641589549,886.551038103935,27.642789496651385,12.677725728495954,17,85
14.420359034331693,2.1717862879981364,949.3174698631422,29.792881520640652,31.317938018771617,13,85
14.400268041284168,0.30664871372278596,971.5196928064083,39.77079974091413,4.415823672123133,8,85
14.310231854782248,4.823163329912319,904.5414250309047,22.29507198827671,69.02058552452888,10,85
14.367074755527941,2.8252586047302892,932.0094282396376,29.50179745733536,40.59070157785863,17,85
14.28668495289467,1.8797016971394274,862.1663432910065,35.64851624425576,26.854705952452434,8,85
14.424409524994616,4.815755873821595,824.1901194320155,34.60486668715736,69.46443489640099,13,85
14.152270430957218,4.8954592089274795,794.8932800012649,23.617838027577967,69.28186260846158,11,85
14.391056660453772,1.5087231070999263,861.9195544072988,34.63124239122268,21.712119719210904,6,86
14.381477006455688,4.358831280990561,911.7715341263312,21.19234650689318,62.68643184258554,15,86
14.368612070101195,2.4062940674515394,927.2149884861308,33.515225857904476,34.57510598179709,12,86
14.271269233264562,3.2374525311752334,893.1886418400218,35.37840089142337,46.20255670231559,13,86
14.474809848176381,2.522252191331107,829.5629485753436,28.36779066756667,36.50912085866396,16,86
14.213447941049866,3.348335902872318,851.5029527048977,23.97628121874806,47.591398044623894,16,86
14.198306590853203,3.7629026828109766,904.9349184419592,20.503981896421394,53.42684596209429,15,86
14.27848032690577,3.556829438012687,886.2423386534092,26.611220046125815,50.78611915682346,10,86
14.475649645001953,3.7281208937111523,903.6566070006578,32.202158440724695,53.966971891574204,6,86
14.298185798941152,2.211677470002009,857.4038939294115,31.985985740127774,31.622975393420823,14,86
14.315465769613668,2.1944675026979166,847.3188995192187,38.160301787499485,31.414824417401615,11,87
14.343879480673928,0.7024446585705602,865.4338610390446,22.57192971921105,10.075781524379261,10,87
14.281878149989325,3.203273178854493,892.9079958019659,31.01063361192451,45.74875722152883,13,87
14.466838581984204,1.1422126510931216,898.583048842554,20.451290234106946,16.524206049664436,17,87
14.393792967000996,1.7171728824476675,847.059539460047,32.539368690574335,24.716630958500065,12,87
14.52687980694979,4.582599041071309,874.0627039975853,31.442459274444126,66.57086547308627,8,87
14.332653895424235,3.995317289120806,875.8316163326755,27.6946515301489,57.26349990737312,14,87
14.583477140301696,2.2471987867609333,962.5669530994202,32.30841559641671,32.771972136441775,16,87
14.222085358210087,1.559765136764371,900.7062133894638,28.00625672345988,22.183112913823116,14,87
14.21210527170839,4.344703495581503,970.0054395977307,26.176045506992306,61.74738345356375,15,87
14.634363875210479,3.3825305778711074,830.0277888430138,33.58133208991275,49.50118329559176,9,88
14.468949736485923,0.43626038979565573,885.8040303255182,24.621617057489924,6.312229651973099,14,88
14.36471978034808,1.9115423645639316,835.8544293325012,38.23451753825552,27.458770415224848,14,88
14.326014705377837,2.1712766384493576,958.0992404624972,24.19380554860402,31.105741051868854,13,88
14.24996625068786,4.454183438987445,834.3103316764989,23.0274234252655,63.47196367994388,7,88
14.363839228934287,1.0757985951319522,896.2730502885065,39.3041927709147,15.452598063188729,15,88
14.266714054851894,2.6213885200129057,921.5739950176101,26.243794731382586,37.39860044169553,7,88
14.339305482875039,3.253128417690683,853.1719560493825,27.96561098178109,46.64760215628861,17,88
14.320670504175752,3.960258655980024,872.0861517151426,38.185053888739844,56.71355932359984,9,88
14.341201741351735,3.8729304020210815,956.5591890074953,22.86322715622386,55.54247622559881,8,88
14.424626731990024,1.8283551736344144,934.8902804962893,21.248626545555606,26.373340913179234,11,89
14.407799145448697,1.7213245844829506,889.2983209840278,36.17652646983368,24.800498877353288,15,89
14.515012600587381,4.382313186784897,916.2029217918467,35.70167314479514,63.60933112590302,9,89
14.48147738078316,4.73611550998673,870.7173158598929,33.65080957534314,68.58594963064913,14,89
14.452302259372589,1.310143655916586,891.8405366723105,24.871422517292636,18.93459211850594,7,89
14.435564553343584,0.6044258116062622,905.4938685155057,33.65305210088398,8.725227821149286,12,89
14.510138025257499,4.739598570684465,941.5211030625732,26.258390960576452,68.77222944494474,16,89
14.360982694488477,3.3048186988466286,920.8958403504936,32.49959496752071,47.46044414255836,8,89
14.416627287195839,4.275670495801645,1002.3258105331005,27.667942821165177,61.640747940832156,14,89
14.490914411795014,3.253027243227808,960.9184968884886,28.03586270218849,47.13933936085165,10,89
14.718518991667889,2.412312023391593,933.238765548899,36.57417967636013,35.505660330117955,8,90
14.410692786556776,4.2264985371395305,935.7353153777234,33.42025961065819,60.9067719815494,6,90
14.391904480813404,3.1376409438053856,898.8112272196004,26.12601993775075,45.156628758336325,7,90
14.576517196571437,1.4986844311423586,992.630837274309,24.97583577478354,21.845599382780474,14,90
14.461142096918032,0.4695776475359029,926.5446743971897,25.11278187590723,6.790629086553183,14,90
14.43303029440289,2.420449026104735,901.7450888629668,20.66535942338717,34.93441411982761,14,90
14.451855093075247,3.3831019950810024,914.6831498734342,31.90732740313745,48.892099798004416,9,90
14.609928334127003,1.1394206724783154,900.9033864137317,36.40506637889779,16.646854367330985,15,90
14.385750250863328,1.5289758535616587,940.1595605380261,20.921261273639548,21.995464768938604,9,90
14.268151213561135,3.061040555652561,927.2531872979691,39.91468904102646,43.67538951889394,10,90
14.614369423768368,2.497783318234508,830.7465633568145,37.24152285153194,36.50352815320509,7,91
14.550881874821307,1.0055100591009374,961.9787842580321,22.40727152419972,14.63105809392233,6,91
14.53516785413765,2.2665719403825775,936.402990298341,22.382813439920962,32.94500360693924,9,91
14.494601813119383,3.7713371856688482,925.4645390067258,34.22001923899622,54.66403080928024,15,91
14.492351211681946,4.051528565366357,905.3103757417958,26.82488899515441,58.716174913451134,10,91
14.59907021407192,4.41177020769521,956.4354508017836,35.46367002517516,64.40774303049304,11,91
14.530735846196468,2.5195139642020887,926.8860510408143,39.73791890776595,36.61039187462386,13,91
14.593965153955883,4.455212127881132,892.4906525279144,27.97284988426128,65.01921054777888,7,91
14.531841114871606,1.8587820121799026,899.8653987779884,20.139645237606963,27.01152486817968,17,91
14.369083826446351,2.2551448305445754,935.9871683525372,21.228502585196654,32.404365110872156,17,91
14.352885512166164,4.404343639999494,874.5778084367118,38.10597998021031,63.21504002114993,8,92
14.46377311163461,4.776333821034056,920.4006495675998,21.20453889800595,69.08380869286337,12,92
14.626895982922813,4.595876400083227,958.9695208163927,34.35865381880204,67.2234060543871,12,92
14.554106274277109,0.5737112941220941,1001.1639018658032,39.10896382876135,8.349855145406009,16,92
14.472314041307138,2.3123411603191926,956.9830122406033,29.657025488202095,33.46492744277989,15,92
14.692986643625996,4.68701848396536,939.4318524213858,38.18404272412974,68.8662999833312,14,92
14.544715394038217,4.416396142615816,1060.4730540630346,39.05033579369197,64.23522496167526,12,92
14.700202421504494,1.1325131408086468,973.6812142635993,28.94402064432876,16.64817241490093,17,92
14.60149755842217,3.298564910770507,976.5399322795855,23.115465211603404,48.1639874909126,10,92
14.667415181134778,1.2584421782559103,913.919738828949,23.719230151148352,18.45809390993106,12,92
14.555584435790772,0.4068805229519555,964.6054580510144,23.58189878656363,5.922383807105893,16,93
14.529010093786885,4.910036371478129,957.4647376290367,27.6323299821827,71.33796800206648,15,93
14.631394994184546,3.23966336772517,1009.0247076165402,29.005649676630515,47.4007943813771,14,93
14.687189109295995,0.5313772971745996,968.0454046374448,26.695780837813583,7.804438851989921,9,93
14.428809193228375,0.9128325518896678,1010.0092098599209,31.929341508270873,13.171086716583757,9,93
14.411997670692045,2.244788093448455,959.7926724973728,39.354856496674316,32.35188077397637,15,93
14.641152902945718,3.015256548979754,949.365795733098,30.52165036834806,44.146832175221014,16,93
14.480153679764118,2.4622797179557816,974.7889424543962,29.450308856391704,35.65418871856597,9,93
14.310962834403487,1.156858349461679,969.6774512509637,28.247329745493623,16.555756843815452,15,93
14.532449406301472,3.127101255430962,936.4350389883739,24.816076321463463,45.44444078293227,11,93
14.623489575383822,1.1938740002385577,881.6478893228788,30.87946222569935,17.458603996810332,13,94
14.495870646828852,1.676859629494153,949.7267511935498,38.52119119636531,24.307540282036594,10,94
14.789557146003434,3.6305392411315243,1032.953424055404,24.80438866416771,53.69406757752262,7,94
14.615988723283913,2.7658842519502818,1001.8059107455565,23.909160007367998,40.42613303641388,9,94
14.577375787805128,1.9859948238219003,981.7851125087757,35.19647316856776,28.95059285948768,9,94
14.697001582866966,0.4381083600775172,964.15023610272,25.141253843784174,6.4388792615265205,17,94
14.67639016768803,4.612198549057881,910.3647390697274,28.475402398618467,67.69042543681809,15,94
14.674875928314378,4.181048720683398,882.1251338040368,23.80673950190095,61.356371226266425,6,94
14.616304876987895,3.8584380184718943,994.4805994258106,36.236134367017726,56.39610642694626,8,94
14.71711294059582,1.9436256880438891,941.0484092823762,35.878702669037025,28.604558765185175,10,94
14.4686246804968,2.814058153811597,1012.4562708620012,20.821363455808108,40.71555125659173,11,95
14.579388125323922,2.1290061019363495,953.496985322319,33.47512459568179,31.039606281312984,15,95
14.53198438665364,3.1721807230023433,1080.037248472966,29.605885175827115,46.09808073831371,12,95
14.664708345149084,1.1795090650236828,1041.0613439863114,25.838223469956144,17.297156429031794,15,95
14.627363680067937,0.7094028103567784,944.8851783730655,30.627136635053905,10.376692902750863,15,95
14.626256467122282,2.4804816353202583,987.415981377725,37.95910432370039,36.28016056018098,17,95
14.861425812793778,3.467227391483538,994.1048113799947,33.33463059715179,51.52794265461909,10,95
14.710268231528605,4.227678554238135,900.6267299130781,31.013209184731284,62.190285529524026,9,95
14.825780878898128,4.306645392492188,956.3728838382381,28.36582222186972,63.8493809122054,8,95
14.759950490070615,0.5285154043646054,893.3611301260175,37.94794636643172,7.8008612016612275,11,95
14.511437554361054,1.120333843473279,1019.2958992859639,31.109945603392628,16.2576546095998,8,96
14.75334214514921,0.6230452686881192,949.5306633968157,35.535968744172614,9.192000020872241,16,96
14.552315066986136,4.172840934950105,1014.1922092130507,34.79735653200807,60.72449600981092,10,96
14.886409673338045,1.1431374413898134,996.5253604177258,24.23491724104839,17.01721226546022,10,96
14.736118565012411,3.5808095165944662,993.1009635498433,38.571937630612766,52.767233595260834,8,96
14.55933748230463,3.5417237614452315,923.1942485781707,23.857411373792285,51.5651515119785,12,96
14.607177349255524,1.6533206157054423,986.1557813872262,30.64941815767795,24.150347448789734,17,96
14.771307498459851,4.512105320804793,1018.5923541819708,31.653722931091657,66.64969515904444,8,96
14.675698314140714,3.040241450683522,974.2036362859747,23.840467382726892,44.617666332376885,8,96
14.62310010308761,1.3943313296956727,967.3958994781426,28.1577921701456,20.389446611011078,15,96
14.725288201315028,1.1482683472566955,871.8950648405506,36.10348794720754,16.908582345802525,13,97
14.645498788055033,2.6320917960992136,1042.5403621017206,37.12002149786306,38.548297209820625,7,97
14.745352373846242,1.8656112099785596,890.8935646730806,38.65735380253266,27.50909468373151,13,97
14.549507572462995,3.678542020456758,935.9466504800088,36.72831193159713,53.52097498225892,17,97
14.78596194674507,0.3964829329968579,953.8070824775332,20.993229829194377,5.862381559825416,8,97
14.690388048443067,0.609934544781064,1061.2325502964068,39.44922780055805,8.960175146984305,13,97
14.644197556670742,2.3963615948020727,934.3819642851545,29.50771710710965,35.092792611500116,7,97
14.652172615754846,1.1357997031934266,1007.6663413035619,30.098229025002787,16.641933308113206,9,97
14.717460784530816,2.43801575133361,973.913143381176,35.838712459275285,35.88140121232084,14,97
14.818754472476959,1.459560207148649,965.3710686005716,28.434252350518328,21.62886434753344,7,97
14.834066270515834,1.8617450560655726,1000.184922100745,33.07573502248923,27.61724954048192,13,98
14.823224971575362,1.3105166828451633,997.5897842566169,28.084832842140784,19.426083618816534,6,98
14.762053234055525,3.5641553467706237,1034.8046760823484,25.70411605360828,52.61425096347158,8,98
14.61976603202333,1.167026821056958,1034.3753697413326,25.30417073993658,17.061659076948686,6,98
14.716783688572196,0.743838101111685,940.9549445753248,23.438251154542087,10.946904433378963,10,98
14.627635412327006,2.6734649023730084,949.2758562068891,22.047341691664187,39.10646987956478,17,98
14.757948946811277,2.7575697795266927,1003.9824552709484,37.2133564357777,40.69607402352456,17,98
14.75753179614391,4.676320201788612,956.9948453200608,31.513305059948394,69.01094406684555,12,98
14.880219593871765,2.1507993755552897,1006.4317882257263,37.59675495882936,32.004367010624975,10,98
14.795305917576632,1.503442184851931,940.9297682608515,26.3243024512666,22.243887054274115,15,98
14.971957492862453,2.131390643467845,977.7060851903262,25.96013714387511,31.911090114685326,9,99
14.750677357176908,1.2837898503230196,1072.9912302491325,32.3324395633055,18.936769876533297,10,99
14.765735618765822,1.4121458702549334,998.3000259522033,28.856587407686483,20.85137257531633,12,99
14.728165306169883,1.1769673946571027,976.7190444465843,35.381222663194485,17.334570348481897,9,99
14.806844386335667,1.725942434111761,1013.8615548773521,20.17554423895859,25.555761041666248,15,99
14.77495047323677,0.616191524459073,995.2675298048881,30.767262042020455,9.104199255911066,11,99
14.901888034712128,0.7795838523040646,1066.8849258020732,39.53931092253245,11.617271280704726,7,99
14.657137957482218,4.703269628118668,1063.0252143635532,25.51133552618357,68.9364717905714,6,99
14.82308927226818,4.6335912202383325,929.3304414387923,39.9503626234535,68.68413630879085,16,99
14.831936468433753,0.5062138700172698,1032.5601763931336,27.74446282420414,7.5081319595361276,8,99
14.699414643525104,1.347269766396528,914.5345152354478,32.57745793976351,19.804076932947773,14,100
14.779964742220585,4.748893649908542,1011.5921046067424,24.375434168217595,70.18848071020348,12,100
14.864418986053757,2.5482908227996126,921.7708486943229,22.66688934632741,37.87886248840911,7,100
14.715939257253037,0.48059833873700963,1037.4974985325623,25.998587949461324,7.072455959990553,15,100
14.945820448838742,0.7675442838662745,941.8269184050005,39.07890424987552,11.471579053197853,13,100
14.895779161447292,0.9283659821746517,1010.3801675700313,31.95616026803028,13.828734651473725,11,100
14.863615548503944,1.4307825329549206,918.8233307800797,38.67955948289038,21.266601503356615,13,100
14.771819761931328,1.9676005154966387,1004.9249174012341,39.580636815833344,29.065040178399514,8,100
14.915923415028422,2.441014875790901,1002.3535843403944,27.19439723820539,36.409990942242196,14,100
14.83813096122648,2.393062744338881,1015.5826428002389,29.502167298636707,35.50857839893236,17,100
